id,pw,name,age,gender
user_001,pass001!,이이선,20,여자
user_002,pass002!,진지수,38,여자
user_003,pass003!,박이선,34,여자
user_004,pass004!,차서연,55,남자
user_005,pass005!,정이선,42,남자
user_006,pass006!,정지수,52,남자
user_007,pass007!,강민수,59,여자
user_008,pass008!,최민수,29,남자
user_009,pass009!,박도윤,45,여자
user_010,pass010!,양지영,28,남자
user_011,pass011!,박자바,55,여자
user_012,pass012!,백지수,49,여자
user_013,pass013!,백철수,57,여자
user_014,pass014!,정도윤,28,여자
user_015,pass015!,정서연,42,여자
user_016,pass016!,진지영,34,남자
user_017,pass017!,이지영,50,여자
user_018,pass018!,이이선,62,여자
user_019,pass019!,양철수,37,남자
user_020,pass020!,백민수,64,남자
user_021,pass021!,김지영,34,남자
user_022,pass022!,이자바,50,여자
user_023,pass023!,강이선,27,남자
user_024,pass024!,박지수,35,여자
user_025,pass025!,차민수,20,남자
user_026,pass026!,조민수,46,남자
user_027,pass027!,강자바,31,여자
user_028,pass028!,강지영,22,남자
user_029,pass029!,정지영,41,여자
user_030,pass030!,최민수,43,여자
user_031,pass031!,박이선,45,여자
user_032,pass032!,김지영,59,여자
user_033,pass033!,진자바,53,여자
user_034,pass034!,진도윤,57,여자
user_035,pass035!,백이선,64,남자
user_036,pass036!,양민수,27,남자
user_037,pass037!,박자바,35,남자
user_038,pass038!,양지수,26,여자
user_039,pass039!,강서연,48,여자
user_040,pass040!,정서연,65,여자
user_041,pass041!,차철수,31,여자
user_042,pass042!,이자바,55,여자
user_043,pass043!,김영희,23,남자
user_044,pass044!,이도윤,21,남자
user_045,pass045!,차지수,58,남자
user_046,pass046!,박도윤,46,남자
user_047,pass047!,양자바,36,남자
user_048,pass048!,정서연,39,여자
user_049,pass049!,강민수,30,여자
user_050,pass050!,최철수,49,여자
user_051,pass051!,양자바,59,여자
user_052,pass052!,정자바,26,여자
user_053,pass053!,최도윤,37,남자
user_054,pass054!,양철수,51,여자
user_055,pass055!,양지수,32,여자
user_056,pass056!,차이선,31,여자
user_057,pass057!,최도윤,50,여자
user_058,pass058!,최이선,40,여자
user_059,pass059!,이이선,51,여자
user_060,pass060!,조지수,65,남자
user_061,pass061!,정서연,52,남자
user_062,pass062!,양영희,53,남자
user_063,pass063!,정민수,64,남자
user_064,pass064!,강민수,25,남자
user_065,pass065!,김철수,45,여자
user_066,pass066!,강지영,42,여자
user_067,pass067!,조이선,52,여자
user_068,pass068!,이지영,25,남자
user_069,pass069!,이지영,41,여자
user_070,pass070!,차철수,49,여자
user_071,pass071!,강민수,47,여자
user_072,pass072!,정영희,50,여자
user_073,pass073!,김민수,23,남자
user_074,pass074!,차자바,53,여자
user_075,pass075!,최서연,23,남자
user_076,pass076!,박민수,41,남자
user_077,pass077!,백지수,47,여자
user_078,pass078!,최영희,47,남자
user_079,pass079!,이도윤,31,남자
user_080,pass080!,김자바,56,여자
user_081,pass081!,이지수,62,남자
user_082,pass082!,차이선,27,여자
user_083,pass083!,양이선,37,남자
user_084,pass084!,김서연,56,남자
user_085,pass085!,진서연,55,남자
user_086,pass086!,조영희,23,여자
user_087,pass087!,진도윤,56,여자
user_088,pass088!,차도윤,48,여자
user_089,pass089!,조영희,36,남자
user_090,pass090!,정이선,32,남자
user_091,pass091!,조지영,21,남자
user_092,pass092!,박서연,62,여자
user_093,pass093!,정철수,23,여자
user_094,pass094!,최지영,53,남자
user_095,pass095!,최도윤,24,남자
user_096,pass096!,조지수,61,남자
user_097,pass097!,진영희,38,여자
user_098,pass098!,진영희,47,여자
user_099,pass099!,차자바,62,남자
user_100,pass100!,양도윤,27,남자
