상품코드,이미지,상품명,가격,중량,구분,조회수,재고
1001502057,https://product-image.kurly.com/hdims/resize/%5E%3E720x%3E936/cropcenter/720x936/quality/85/src/product/image/989d0b2f-63fb-457f-a33d-e5b82b39ccf2.jpg,[차려낸] 대파 풍미를 더한 새우볶음밥 (4개입),9800,1팩 (4개입),도시락/밥류,477,208
5135831,https://product-image.kurly.com/hdims/resize/%5E%3E720x%3E936/cropcenter/720x936/quality/85/src/product/image/a0e5af45-0c1a-4cc3-a793-95481b5b70e0.jpg,[온더고] 간편 미식 덮밥 도시락 4종 (택1),5500,1팩,도시락/밥류,250,98
1001191650,https://product-image.kurly.com/hdims/resize/%5E%3E720x%3E936/cropcenter/720x936/quality/85/src/product/image/d31752a7-db21-4cfd-94c8-b369946707e7.jpg,[제일맞게컬리] 현미곤약 주먹밥 3종 (택1),7600,1팩 (5개입),도시락/밥류,795,250
1001946226,https://product-image.kurly.com/hdims/resize/%5E%3E720x%3E936/cropcenter/720x936/quality/85/src/product/image/7d488358-3c74-48a3-85f8-a5b118236c21.jpg,[차려낸] 국산 생곤드레로 만든 곤드레나물밥 (4개입),12900,1팩 (4개입),도시락/밥류,422,194
1000169817,https://product-image.kurly.com/hdims/resize/%5E%3E720x%3E936/cropcenter/720x936/quality/85/src/product/image/c0361e91-ece0-4046-a287-cd13757facb4.jpg,[오뚜기] 오뚜기밥 실속 210gX12,11700,1박스 (12개입),도시락/밥류,993,236
1000185462,https://product-image.kurly.com/hdims/resize/%5E%3E720x%3E936/cropcenter/720x936/quality/85/src/product/image/bab59b15-5d02-46cf-951a-da82a85eabc7.jpg,[햇반/쿡반] 노릇노릇 주먹밥 500g 6종 (택1),7980,1봉(100g*5개),도시락/밥류,430,327
1001401863,https://product-image.kurly.com/hdims/resize/%5E%3E720x%3E936/cropcenter/720x936/quality/85/src/product/image/dff055d4-4cbc-43ca-8a56-662bf7a5e614.jpg,[차려낸] 국산 김치로 만든 김치볶음밥 (4개입),8550,1팩 (4개입),도시락/밥류,128,320
1000202889,https://product-image.kurly.com/hdims/resize/%5E%3E720x%3E936/cropcenter/720x936/quality/85/src/product/image/49736b7b-177c-46f3-84ed-0c3c312d3e48.jpg,[컬리X햇반] 향긋한 골든퀸쌀밥 210g*6입 ,8980,1개,도시락/밥류,729,379
5082139,https://img-cf.kurly.com/hdims/resize/%5E%3E720x%3E936/cropcenter/720x936/quality/85/src/shop/data/goods/163780638983l0.jpg,[햇반] 백미밥 210g X 36입 (박스),35600,1박스,도시락/밥류,810,112
1000832403,https://product-image.kurly.com/hdims/resize/%5E%3E720x%3E936/cropcenter/720x936/quality/85/src/product/image/a2412c58-33ac-48df-a9a9-77c0389f54ef.jpg,[컬리X햇반] 향긋한 골든퀸현미밥 200g*6입 ,12980,1개,도시락/밥류,148,129
1000165839,https://product-image.kurly.com/hdims/resize/%5E%3E720x%3E936/cropcenter/720x936/quality/85/src/product/image/b9477845-77fb-42e2-b7c5-091a113c82a9.jpg,[햇반] 작은햇반 130g*6입,7480,130g x 6개입,도시락/밥류,971,31
1001521296,https://product-image.kurly.com/hdims/resize/%5E%3E720x%3E936/cropcenter/720x936/quality/85/src/product/image/f4ce1570-b118-42f5-a219-d20ac3ccd82f.jpg,"[오므토토마토] 오므라이스 3종 (시그니처, 소시지, 함박스테이크) (택1)",5940,1팩,도시락/밥류,815,396
5034409,https://img-cf.kurly.com/hdims/resize/%5E%3E720x%3E936/cropcenter/720x936/quality/85/src/shop/data/goods/1644835957605l0.jpg,[LOTS OF LOVE] 한끼든든 시원한 황태국밥 (리뉴얼),6000,1봉,도시락/밥류,900,92
1001770414,https://product-image.kurly.com/hdims/resize/%5E%3E720x%3E936/cropcenter/720x936/quality/85/src/product/image/1bdaafc2-ea4f-488c-916d-6e121ec6f239.jpg,[컬리x햇반] 언제나 건강한 골든퀸카무트밥 150g*6입,14480,1개,도시락/밥류,716,73
5060785,https://img-cf.kurly.com/hdims/resize/%5E%3E720x%3E936/cropcenter/720x936/quality/85/src/shop/data/goods/1653037752231l0.jpeg,[탄단지] 가벼운 한식 도시락 6종 (택2),5400,1팩,도시락/밥류,786,427
1001207695,https://product-image.kurly.com/hdims/resize/%5E%3E720x%3E936/cropcenter/720x936/quality/85/src/product/image/16e6a903-1609-4f56-abce-718502e10fd8.jpg,[도산회관] 한우 소보로 주먹밥,12980,1팩 (5개입),도시락/밥류,359,378
1001171769,https://product-image.kurly.com/hdims/resize/%5E%3E720x%3E936/cropcenter/720x936/quality/85/src/product/image/e81eb2c8-8194-4afe-bc1e-b19fea496bd6.jpg,[햇반] 라이스플랜 파로통곡물밥 190g*4입,8480,1개,도시락/밥류,157,457
1002027764,https://product-image.kurly.com/hdims/resize/%5E%3E720x%3E936/cropcenter/720x936/quality/85/src/product/image/6344ab20-1ae9-4bd8-ac18-c06d60520e81.jpg,[컬리x햇반] 언제나 건강한 골든퀸카무트밥 150g*36입 (1박스),86880,,도시락/밥류,330,293
1000875366,https://product-image.kurly.com/hdims/resize/%5E%3E720x%3E936/cropcenter/720x936/quality/85/src/product/image/bd48dfd0-519c-4ea1-b161-93da1f430d0f.jpg,[온더고] 간편 고기 도시락 3종 (택1),6480,1팩,도시락/밥류,138,267
5069131,https://product-image.kurly.com/hdims/resize/%5E%3E720x%3E936/cropcenter/720x936/quality/85/src/product/image/88ebc81c-434f-4f26-8f95-2b373c08c7d0.jpeg,[풀무원] 고소한 유부초밥,5480,1봉,도시락/밥류,334,207
1001141105,https://product-image.kurly.com/hdims/resize/%5E%3E720x%3E936/cropcenter/720x936/quality/85/src/product/image/4779f48b-65f7-459a-8601-f23b2195f021.jpg,[온더고] 간편 외식 덮밥 3종 (택1),6480,1팩,도시락/밥류,48,148
1001789272,https://product-image.kurly.com/hdims/resize/%5E%3E720x%3E936/cropcenter/720x936/quality/85/src/product/image/948998f9-63aa-4abc-a5fd-bf1163ad91ea.jpg,[조서형의 새벽종] 맑은 산채나물 비빔밥 (2개입),9800,1팩 (2개입),도시락/밥류,899,342
1000859330,https://product-image.kurly.com/hdims/resize/%5E%3E720x%3E936/cropcenter/720x936/quality/85/src/product/image/d44c46bf-31ae-4e60-aaab-fafc86ba0f8a.jpg,[온더고] 정통 일식 커리 도시락 2종 (택1),5500,1팩,도시락/밥류,692,188
5004962,https://img-cf.kurly.com/hdims/resize/%5E%3E720x%3E936/cropcenter/720x936/quality/85/src/shop/data/goods/1640064981843l0.jpg,[LOTS OF LOVE] 봄맛듬뿍 곤드레밥,5600,1팩,도시락/밥류,324,6
5099455,https://product-image.kurly.com/hdims/resize/%5E%3E720x%3E936/cropcenter/720x936/quality/85/src/product/image/1cbadf0d-b7c6-44ed-bd81-7dc4ba270b58.jpeg,[햇반] 백미밥 210g*24입,28900,1박스,도시락/밥류,436,10
5026445,https://img-cf.kurly.com/hdims/resize/%5E%3E720x%3E936/cropcenter/720x936/quality/85/src/shop/data/goods/152835236435l0.jpg,[웬떡] 오곡찰밥,8500,1팩,도시락/밥류,237,263
1001985695,https://product-image.kurly.com/hdims/resize/%5E%3E720x%3E936/cropcenter/720x936/quality/85/src/product/image/49421b10-05a6-44b0-832a-c8a366531ad2.jpg,[햇반] 잡곡밥 130G * 6입,12480,,도시락/밥류,770,478
5003490,https://product-image.kurly.com/hdims/resize/%5E%3E720x%3E936/cropcenter/720x936/quality/85/src/product/image/863304d5-04ae-454f-b39b-66de6e82647f.jpeg,[햇반] 백미밥 210g X 6입,8480,품목별 상이 (하단 참조),도시락/밥류,578,348
1001485256,https://product-image.kurly.com/hdims/resize/%5E%3E720x%3E936/cropcenter/720x936/quality/85/src/product/image/61290b61-d028-4ec9-9ece-b8c7c0894b76.jpg,[컬리X햇반] 향긋한 골든퀸쌀밥 210g*36입 (1박스),53880,,도시락/밥류,146,383
1000184373,https://product-image.kurly.com/hdims/resize/%5E%3E720x%3E936/cropcenter/720x936/quality/85/src/product/image/4a481ead-1875-43af-b732-384b58553ba9.jpg,[햇반/쿡반] 노릇노릇 볶음밥 2개입 8종 (택1),4980,1개(2봉),도시락/밥류,2,172
1000134705,https://product-image.kurly.com/hdims/resize/%5E%3E720x%3E936/cropcenter/720x936/quality/85/src/product/image/5e8f6b25-0ef9-4eac-88e8-a9b6dc12e82a.jpg,[마이비밀] 라이킷 식단관리 도시락 8종 (택2),4800,1개,도시락/밥류,537,207
5050159,https://product-image.kurly.com/hdims/resize/%5E%3E720x%3E936/cropcenter/720x936/quality/85/src/product/image/bbd2d797-88d1-4dc4-bbc5-03382f666d09.jpg,[햇반] 흑미밥 210g (8입),15680,낱개/8번들,도시락/밥류,496,319
1001485260,https://product-image.kurly.com/hdims/resize/%5E%3E720x%3E936/cropcenter/720x936/quality/85/src/product/image/c7e2ee0d-b7a8-4b91-a219-df182d7fd04a.jpg,[컬리X햇반] 향긋한 골든퀸현미쌀밥 200g*36입 (1박스),77880,,도시락/밥류,74,9
1000347446,https://product-image.kurly.com/hdims/resize/%5E%3E720x%3E936/cropcenter/720x936/quality/85/src/product/image/602221ca-5488-4af7-a490-c76ceb2f09ab.jpg,[조선호텔] 게살볶음밥 420g,6794,1팩,도시락/밥류,788,482
1000017061,https://product-image.kurly.com/hdims/resize/%5E%3E720x%3E936/cropcenter/720x936/quality/85/src/product/image/82f8b62b-3b82-4be2-a74e-a454249c9b54.jpg,[탄단지] 가벼운 한식 도시락 6종 (2개입) (택1),9700,1개,도시락/밥류,388,149
5031704,https://product-image.kurly.com/hdims/resize/%5E%3E720x%3E936/cropcenter/720x936/quality/85/src/product/image/b36c0736-c521-45bd-bb58-74326373ba7a.jpg,[올반] 새우볶음밥 (4개입),8622,1봉 (4인분),도시락/밥류,753,27
1000659853,https://product-image.kurly.com/hdims/resize/%5E%3E720x%3E936/cropcenter/720x936/quality/85/src/product/image/96691baa-a1c1-4feb-ab62-5634b3b56d39.jpg,[애슐리] 쉬림프 나시고렝 볶음밥 (2개입),7190,1개 (230g * 2팩),도시락/밥류,874,104
5025689,https://img-cf.kurly.com/hdims/resize/%5E%3E720x%3E936/cropcenter/720x936/quality/85/src/shop/data/goods/165303656813l0.jpeg?v=0531,[LOTS OF LOVE] 차돌듬뿍 묵은지 볶음밥,7010,1PK,도시락/밥류,264,309
5069129,https://product-image.kurly.com/hdims/resize/%5E%3E720x%3E936/cropcenter/720x936/quality/85/src/product/image/ab9a9e74-be93-4126-bc48-e022b0f271c8.jpg,[풀무원] 롤 유부초밥,6980,1봉,도시락/밥류,513,115
1000040680,https://product-image.kurly.com/hdims/resize/%5E%3E720x%3E936/cropcenter/720x936/quality/85/src/product/image/26376544-1943-4773-8665-7f7a1fa1dfb5.jpg,[애슐리] 홈스토랑 볶음밥 6종 (4개입) (택1),10710,1팩(230gx4팩),도시락/밥류,803,473
1000658317,https://product-image.kurly.com/hdims/resize/%5E%3E720x%3E936/cropcenter/720x936/quality/85/src/product/image/821a7106-ab80-4b5b-8848-a6b33c48c913.jpg,[탄단지] 고단백 식단 도시락 4종 (택1),5900,1팩,도시락/밥류,409,16
5135870,https://product-image.kurly.com/hdims/resize/%5E%3E720x%3E936/cropcenter/720x936/quality/85/src/product/image/4afe45de-4915-469a-93bf-b5caa95a49de.jpg,[스윗밸런스] 오늘의 식단 도시락 6종 (택1),5000,1팩,도시락/밥류,302,319
1000089159,https://product-image.kurly.com/hdims/resize/%5E%3E720x%3E936/cropcenter/720x936/quality/85/src/product/image/5f46b4b4-2e46-4882-9cb6-b1c602d3316a.jpg,[마스터컬렉션] 삼선 해물 누룽지탕,9330,1팩,도시락/밥류,560,344
1001626715,https://product-image.kurly.com/hdims/resize/%5E%3E720x%3E936/cropcenter/720x936/quality/85/src/product/image/f37b6ef9-0127-4495-b72e-90b508cc342c.jpg,[햇반] 라이스플랜 귀리흑미 곤약밥 150g*24입,38000,,도시락/밥류,467,224
5097092,https://img-cf.kurly.com/hdims/resize/%5E%3E720x%3E936/cropcenter/720x936/quality/85/src/shop/data/goods/1637893373379l0.jpg,[진실된손맛] 한우사골 양지곰탕,6550,1팩,도시락/밥류,793,54
1001584429,https://product-image.kurly.com/hdims/resize/%5E%3E720x%3E936/cropcenter/720x936/quality/85/src/product/image/a918f4d5-b1fc-45ef-8d53-d606f3b8aca1.jpg,[곡물이야기] 가마솥 누룽지 1kg (국내산),9810,1봉,도시락/밥류,869,310
5145685,https://img-cf.kurly.com/hdims/resize/%5E%3E720x%3E936/cropcenter/720x936/quality/85/src/shop/data/goods/165760723490l0.jpg,[자연담은] 누룽지 1kg (국내산),11200,1팩,도시락/밥류,806,450
5050162,https://product-image.kurly.com/hdims/resize/%5E%3E720x%3E936/cropcenter/720x936/quality/85/src/product/image/9ce5d059-df69-42b6-9f21-cd0d883f442b.jpg,[햇반] 발아현미밥 210g (8입),16680,제품별상이(하단참조),도시락/밥류,534,323
1000149207,https://product-image.kurly.com/hdims/resize/%5E%3E720x%3E936/cropcenter/720x936/quality/85/src/product/image/295ff79f-ecc1-4689-b55f-01fe8de5bd26.jpg,닭가슴살 곤약볶음밥 3종 (4개입) 택1,10100,1묶음,도시락/밥류,55,323
1001985691,https://product-image.kurly.com/hdims/resize/%5E%3E720x%3E936/cropcenter/720x936/quality/85/src/product/image/c04af2cf-d4fd-4569-b51e-4c2920c9b249.jpg,[햇반] 발아현미밥 130G * 6입,12480,,도시락/밥류,709,258
1001985679,https://product-image.kurly.com/hdims/resize/%5E%3E720x%3E936/cropcenter/720x936/quality/85/src/product/image/d4fa2ee5-09e2-473c-bc51-d02705462040.jpg,[햇반] 백미밥 210G * 12입,15800,,도시락/밥류,221,486
5082168,https://product-image.kurly.com/hdims/resize/%5E%3E720x%3E936/cropcenter/720x936/quality/85/src/product/image/bb3de49c-2f61-482a-b726-0366fcb021a9.jpg,[햇반] 솥반 9종,4480,1개,도시락/밥류,313,328
1000050990,https://product-image.kurly.com/hdims/resize/%5E%3E720x%3E936/cropcenter/720x936/quality/85/src/product/image/5f3991cf-b5d5-4c1c-af4c-428f3a6cf7ae.jpg,[오뚜기]  가뿐한끼 현미밥 150g X 30입,28900,1박스 (30개입),도시락/밥류,93,33
1001303875,https://product-image.kurly.com/hdims/resize/%5E%3E720x%3E936/cropcenter/720x936/quality/85/src/product/image/3e333e6c-7a41-4c16-93d2-68f7ea569655.jpg,[햇반] 100% 통곡물밥 130g*12입,17900,1박스,도시락/밥류,733,345
5050797,https://product-image.kurly.com/hdims/resize/%5E%3E720x%3E936/cropcenter/720x936/quality/85/src/product/image/5f8b45e7-c6f6-4ac7-a25d-779eb94bd743.jpg,[햇반] 매일잡곡밥 210g (8입),15680,묶음,도시락/밥류,482,309
1000875372,https://product-image.kurly.com/hdims/resize/%5E%3E720x%3E936/cropcenter/720x936/quality/85/src/product/image/edc5aa8d-6aaa-498b-afe4-f1cce6bb48b3.jpg,[온더고] 육즙촉촉 오븐 함박스테이크 정식,6480,1팩,도시락/밥류,137,104
1000357323,https://product-image.kurly.com/hdims/resize/%5E%3E720x%3E936/cropcenter/720x936/quality/85/src/product/image/3962c304-57ca-4616-8754-7901ded945c8.jpg?v=0531,[성수동 분식] 콘치즈 김치볶음밥(2개입),9900,1개(2팩),도시락/밥류,504,42
1000500610,https://product-image.kurly.com/hdims/resize/%5E%3E720x%3E936/cropcenter/720x936/quality/85/src/product/image/479d927c-0f43-472b-936f-094c88a7ceb5.jpg,[온더고] 고구마 함박스테이크 정식,6480,1팩,도시락/밥류,192,188
1000272598,https://product-image.kurly.com/hdims/resize/%5E%3E720x%3E936/cropcenter/720x936/quality/85/src/product/image/d78a54e5-0afe-49e9-b768-18d684d1ba0b.jpg,[마이비밀] 라이킷 식단관리 시즌2 도시락 8종 (택2),5200,1팩,도시락/밥류,230,186
1001626709,https://product-image.kurly.com/hdims/resize/%5E%3E720x%3E936/cropcenter/720x936/quality/85/src/product/image/2b64c69b-6ee2-4dcf-837f-494f87836ce4.jpg,[햇반] 라이스플랜 렌틸콩퀴노아곤약밥 150g*3입,4980,,도시락/밥류,354,69
1001170131,https://product-image.kurly.com/hdims/resize/%5E%3E720x%3E936/cropcenter/720x936/quality/85/src/product/image/3e620835-6e43-423a-9466-4d2645e0adc9.jpg,[제일맞게컬리] 전주비빔 현미곤약 주먹밥,7600,1팩 (5개입),도시락/밥류,447,194
1001171771,https://product-image.kurly.com/hdims/resize/%5E%3E720x%3E936/cropcenter/720x936/quality/85/src/product/image/25b6f477-df80-49ca-867b-e657b4aa35b9.jpg,[햇반] 라이스플랜 렌틸콩현미밥 190g*4입,8480,1개,도시락/밥류,508,229
5050800,https://product-image.kurly.com/hdims/resize/%5E%3E720x%3E936/cropcenter/720x936/quality/85/src/product/image/f2e2c6cd-affb-4832-87c7-d3421206987c.jpg,[햇반] 매일 찰잡곡밥 210g (8입),15680,묶음,도시락/밥류,221,439
1000773231,https://product-image.kurly.com/hdims/resize/%5E%3E720x%3E936/cropcenter/720x936/quality/85/src/product/image/58314890-2ac9-4583-a5b7-3ef2514c7119.jpg,[키즈다이닝] 엄마와 함께 소고기 비빔밥 세트,9800,1팩,도시락/밥류,54,111
5031706,https://product-image.kurly.com/hdims/resize/%5E%3E720x%3E936/cropcenter/720x936/quality/85/src/product/image/b81a3fd9-c65f-40cc-a55b-a6bc3b436d65.jpg,[올반] 김치볶음밥 (2개입),5337,1봉,도시락/밥류,881,489
5034652,https://img-cf.kurly.com/hdims/resize/%5E%3E720x%3E936/cropcenter/720x936/quality/85/src/shop/data/goods/1644835312136l0.jpg,[LOTS OF LOVE] 한끼든든 친절한 미역국밥 (리뉴얼),6300,1봉,도시락/밥류,631,148
5151454,https://product-image.kurly.com/hdims/resize/%5E%3E720x%3E936/cropcenter/720x936/quality/85/src/product/image/ebe35b67-a8f8-4f03-b674-46f4a4fd771e.jpg,[바르다 김선생] 시그니처 주먹밥 2종,7990,1팩,도시락/밥류,17,120
5151471,https://product-image.kurly.com/hdims/resize/%5E%3E720x%3E936/cropcenter/720x936/quality/85/src/product/image/ee5543e6-fb2f-4803-80f8-23704176d3ea.jpg,[탄단지] 닭가슴살 현미 삼각주먹밥 500g 3종 (택1),6980,1봉,도시락/밥류,485,388
1000275030,https://product-image.kurly.com/hdims/resize/%5E%3E720x%3E936/cropcenter/720x936/quality/85/src/product/image/0a787a35-9658-44d3-a479-158eaf7ac975.jpg,[애슐리] 주먹밥 4종,7900,1팩 당 100gx5개입,도시락/밥류,920,496
5010753,https://img-cf.kurly.com/hdims/resize/%5E%3E720x%3E936/cropcenter/720x936/quality/85/src/shop/data/goods/1528770286903l0.jpg,[미자언니네] 연잎밥,5848,1팩,도시락/밥류,943,400
1000242164,https://product-image.kurly.com/hdims/resize/%5E%3E720x%3E936/cropcenter/720x936/quality/85/src/product/image/dc61cbf7-f49c-4807-932b-1bf57f5ea04c.jpg,[청정원] 그레인보우 4종 (2입) (택1),5960,1개(200g*2봉),도시락/밥류,593,267
5069130,https://product-image.kurly.com/hdims/resize/%5E%3E720x%3E936/cropcenter/720x936/quality/85/src/product/image/057e4ffa-c3af-4029-917f-8ed601a30976.jpg,[풀무원] 꼬마 유부초밥,3280,1봉,도시락/밥류,269,174
1001207777,https://product-image.kurly.com/hdims/resize/%5E%3E720x%3E936/cropcenter/720x936/quality/85/src/product/image/b21277c0-528b-4e5f-aaaa-cbac6b5ea1b2.jpg,[오뚜기] 가뿐한끼 100% 현미로 지은 부드러운 현미밥 130g*30입,28900,1박스,도시락/밥류,887,457
1000347344,https://product-image.kurly.com/hdims/resize/%5E%3E720x%3E936/cropcenter/720x936/quality/85/src/product/image/06ec8694-aa37-4ce1-b854-f8f38fe2af8b.jpg,[햇반/쿡반] 만능계란볶음밥 400G,3300,1개 (2봉),도시락/밥류,159,436
1000243875,https://product-image.kurly.com/hdims/resize/%5E%3E720x%3E936/cropcenter/720x936/quality/85/src/product/image/053089bc-b764-4a95-a0a8-4e12bcb2aa38.jpg,[어리틀빗] 웜그레인 샐러드 9종 (택1),5900,1통,도시락/밥류,288,105
1001946224,https://product-image.kurly.com/hdims/resize/%5E%3E720x%3E936/cropcenter/720x936/quality/85/src/product/image/7647696e-d2f0-4d45-a7f2-d38e1733c0a5.jpg,[차려낸] 국산 나물이 듬뿍 모둠나물밥 (4개입),10960,1팩 (4개입),도시락/밥류,900,31
5155727,https://img-cf.kurly.com/hdims/resize/%5E%3E720x%3E936/cropcenter/720x936/quality/85/src/shop/data/goods/1657519757995l0.jpg,[탄단지] 닭가슴살 곤약볶음밥 4종 (4개입) (택1),11300,1봉,도시락/밥류,459,193
1001084617,https://product-image.kurly.com/hdims/resize/%5E%3E720x%3E936/cropcenter/720x936/quality/85/src/product/image/aee0f8e7-b29d-4081-896a-dda4a6ea8b90.jpg,[동원] 양반100밥 현미밥 130g*24입,20780,1박스,도시락/밥류,538,70
1000376683,https://product-image.kurly.com/hdims/resize/%5E%3E720x%3E936/cropcenter/720x936/quality/85/src/product/image/168c0a33-c333-451d-9f9e-9bc345e7feaf.jpg,[탄단지] 세끼 뚝딱 도시락 3종 세트,9900,1묶음(3팩),도시락/밥류,423,225
1000392404,https://product-image.kurly.com/hdims/resize/%5E%3E720x%3E936/cropcenter/720x936/quality/85/src/product/image/d2e87ee0-8948-49ec-a001-e848f9eab72c.jpg,[푸디버디] 어린이 볶음밥 2개입 8종 (택2),5400,1세트(2개입),도시락/밥류,883,458
1000635408,https://product-image.kurly.com/hdims/resize/%5E%3E720x%3E936/cropcenter/720x936/quality/85/src/product/image/992d086a-1a9d-4ba7-87d2-3dd80336220b.jpg,[청정원] 그레인보우 스파이시 치킨 아보카도 2개입 ,5980,2개(200g * 2입),도시락/밥류,209,330
1001170120,https://product-image.kurly.com/hdims/resize/%5E%3E720x%3E936/cropcenter/720x936/quality/85/src/product/image/1a693ba1-fc91-41cd-9cbb-1d0f2a70e0b1.jpg,[제일맞게컬리] 김치베이컨 현미곤약 주먹밥,8980,1팩 (5개입),도시락/밥류,611,323
5110300,https://img-cf.kurly.com/hdims/resize/%5E%3E720x%3E936/cropcenter/720x936/quality/85/src/shop/data/goods/1641365202636l0.jpg,[오뚜기] 옛날 구수한 누룽지 60g * 5개입,5030,1박스,도시락/밥류,602,122
1000085902,https://product-image.kurly.com/hdims/resize/%5E%3E720x%3E936/cropcenter/720x936/quality/85/src/product/image/94674fcf-deed-4331-babb-5b42cc84f388.jpg,[LITTLENECK] 리틀넥 비프 머쉬룸 리조또,14900,1팩,도시락/밥류,408,134
1001985687,https://product-image.kurly.com/hdims/resize/%5E%3E720x%3E936/cropcenter/720x936/quality/85/src/product/image/aba7849e-43cd-47b8-9559-a1d1b033ba40.jpg,[햇반] 발아현미밥 작은공기 130G * 36입,39900,,도시락/밥류,808,155
1001335491,https://product-image.kurly.com/hdims/resize/%5E%3E720x%3E936/cropcenter/720x936/quality/85/src/product/image/ef1fe563-c0e9-449a-97a7-cdfcb6239e19.jpg,[동원] 양반100밥 130gx6입 4종 (택1),5980,1묶음,도시락/밥류,734,40
1001381990,https://product-image.kurly.com/hdims/resize/%5E%3E720x%3E936/cropcenter/720x936/quality/85/src/product/image/c3574877-e5bb-4c37-bb54-a2c7f921f2f0.jpg,[다즐샵] 토핑 듬뿍 마요 덮밥 3종 (택1),5400,1팩,도시락/밥류,177,250
1001521024,https://product-image.kurly.com/hdims/resize/%5E%3E720x%3E936/cropcenter/720x936/quality/85/src/product/image/e852f1ae-5646-4849-bb9a-6b0637d59208.jpg,[햇반] 라이스플랜 12곡잡곡밥 210g*6입,8980,1개,도시락/밥류,312,14
1001945650,https://product-image.kurly.com/hdims/resize/%5E%3E720x%3E936/cropcenter/720x936/quality/85/src/product/image/3be11c8d-d710-4b0b-82ca-fce42b9118d7.jpg,[샐러디] 찰현미 가득 단백질 주먹밥 2종 (택1),7990,1팩 (4개입),도시락/밥류,548,494
5069139,https://img-cf.kurly.com/hdims/resize/%5E%3E720x%3E936/cropcenter/720x936/quality/85/src/shop/data/goods/1622080092871l0.jpg,[하린이네주꾸미] 왕주꾸미 볶음 700g (냉동),19500,1개,도시락/밥류,415,326
1001794862,https://product-image.kurly.com/hdims/resize/%5E%3E720x%3E936/cropcenter/720x936/quality/85/src/product/image/147192b5-b3a7-4bc6-9fe5-3798cd02cd85.jpg,"[오므토토마토] 레드커리 오므라이스 2종 (시그니처, 그릴드 단호박) (택1)",6210,1팩,도시락/밥류,713,167
1001224864,https://product-image.kurly.com/hdims/resize/%5E%3E720x%3E936/cropcenter/720x936/quality/85/src/product/image/d271b399-790c-45ac-a37d-9419f7c9d494.jpg,[편스토랑X온더고] 김재중의 나폴리식 갈비덮밥,6980,1팩,도시락/밥류,860,464
1001985706,https://product-image.kurly.com/hdims/resize/%5E%3E720x%3E936/cropcenter/720x936/quality/85/src/product/image/71a8ba9d-b585-4e2e-8620-73beb0dd4704.jpg,[햇반] 백미밥 130G * 36입,37800,,도시락/밥류,321,197
5155567,https://product-image.kurly.com/hdims/resize/%5E%3E720x%3E936/cropcenter/720x936/quality/85/src/product/image/047bfb49-6ce4-4890-b69b-140dd7da32f5.jpg,[하남돼지집] 철판삼겹살마무리볶음밥 4입,11900,1팩(230g*4개입),도시락/밥류,127,290
1000527167,https://product-image.kurly.com/hdims/resize/%5E%3E720x%3E936/cropcenter/720x936/quality/85/src/product/image/93241528-0fa5-4d85-82c5-db54b165c115.jpg,[금룡각] 중화 간짜장볶음밥 (2개입),8900,"2개(볶음밥 230g*2팩, 소스 100g*2팩)",도시락/밥류,967,206
1001943044,https://product-image.kurly.com/hdims/resize/%5E%3E720x%3E936/cropcenter/720x936/quality/85/src/product/image/5127068d-f9d0-4f57-9ebe-bfcbc757d51a.jpg,[한끼통살] 김자반 밥바 4종 (택1),8900,1팩 (5개입),도시락/밥류,742,155
1000765126,https://product-image.kurly.com/product/image/8ac2fba2-1973-485d-b6cb-e5804f9eb1b4.jpg,[제일맞게컬리] 육즙+왕교자 만두 1.01kg,10480,1.01kg,"치킨, 피자, 핫도그, 만두",991,319
1000127954,https://product-image.kurly.com/product/image/dd1c0a05-ca1a-4c21-a712-54338f3dbbf2.jpg,[남향푸드또띠아] 간편 브리또 15종 2개입 (택1),6600,250g,"치킨, 피자, 핫도그, 만두",343,103
1001391829,https://product-image.kurly.com/product/image/5976cf21-e574-437b-b210-3e3fe7bd6e35.jpg,[피자로빈슨] 뉴욕 메가 슬라이스 피자 5종 (택1),5500,옵션별 상이,"치킨, 피자, 핫도그, 만두",768,450
1000170826,https://product-image.kurly.com/product/image/19293180-6537-4922-b54e-42a036c9b987.jpg,[99핫도그] 크리스피 핫도그 800g(80gX10개입) 2종 (택1),9900,800g,"치킨, 피자, 핫도그, 만두",665,241
1001529704,https://product-image.kurly.com/product/image/8bc38d7e-5c1b-44f9-b686-de5b973be26f.jpg,[차려낸] 바삭한 국내산 안심 치킨텐더,7900,500g,"치킨, 피자, 핫도그, 만두",785,414
1000308975,https://product-image.kurly.com/product/image/95458f15-1a5a-43c3-963e-38d6282a34be.jpg,[99치킨] 순살 닭강정,9900,700g,"치킨, 피자, 핫도그, 만두",718,9
5082274,https://product-image.kurly.com/product/image/6b5b8a11-d6fd-475b-a830-8f3313b3c6a7.jpg,[비비고] 왕교자 만두 대용량 1.05kg,10980,1050g,"치킨, 피자, 핫도그, 만두",367,421
5068190,https://img-cf.kurly.com/shop/data/goods/1622535619962l0.jpg,"[Kurly's] 김치 왕만두 (1,050g/지퍼백)",10500,"1,050g","치킨, 피자, 핫도그, 만두",371,231
1000166206,https://product-image.kurly.com/product/image/d53d208b-a180-4599-b960-7af513f3af1f.jpg,99치킨 콤보 (윙&봉),9900,700g,"치킨, 피자, 핫도그, 만두",582,257
1001931649,https://product-image.kurly.com/product/image/3464ef3f-8463-409f-9afe-24e77aa7861c.jpg,[차려낸] 국내산 닭가슴살 치킨너겟,5900,500g,"치킨, 피자, 핫도그, 만두",158,219
5031703,https://product-image.kurly.com/product/image/61e5e11f-0452-43a7-8566-1c055dbe2d00.jpg,[올바르고 반듯한] 슈퍼크런치 치킨텐더,8960,440g,"치킨, 피자, 핫도그, 만두",245,7
1001404824,https://product-image.kurly.com/product/image/0b22d12d-eca3-444f-9a45-24128dbd6609.jpg,[애슐리] 허니버터 치즈스틱 395g,8990,395g (치즈스틱 + 시즈닝),"치킨, 피자, 핫도그, 만두",631,180
5061908,https://product-image.kurly.com/product/image/ee472ab5-831c-4ca9-b2f1-94b161e74af3.jpg,[굽네] 닭가슴살 만두 4종 (택1),2890,180g,"치킨, 피자, 핫도그, 만두",92,217
5072984,https://img-cf.kurly.com/shop/data/goods/1657612645101l0.jpg,[전주 베테랑] 김치만두,5980,405g,"치킨, 피자, 핫도그, 만두",385,460
1000679377,https://product-image.kurly.com/product/image/b4d339a3-5cc6-49d4-b0c4-e2400a423a26.jpg,[윤서울] 김도윤 셰프의 모둠나물면,9400,251g,"치킨, 피자, 핫도그, 만두",837,152
1000078041,https://product-image.kurly.com/product/image/65958d6e-65dc-43d4-9ced-dde1c027166d.jpg,두 마리 99치킨 (에어프라이어용),9900,1kg,"치킨, 피자, 핫도그, 만두",33,191
5062771,https://img-cf.kurly.com/shop/data/goods/1657612696912l0.jpg?v=0531,[전주 베테랑] 고기만두,5980,405g,"치킨, 피자, 핫도그, 만두",193,25
1001484709,https://product-image.kurly.com/product/image/0da294cb-894d-456d-bb35-b80ded7d0609.jpg,[도스타코스] 께사디야 2종 (택1),9800,280g,"치킨, 피자, 핫도그, 만두",132,168
5068189,https://img-cf.kurly.com/shop/data/goods/1622536776317l0.jpg,"[Kurly's] 고기 왕만두 (1,050g/지퍼백)",10300,"1,050g","치킨, 피자, 핫도그, 만두",478,407
5054455,https://img-cf.kurly.com/shop/data/goods/16272914139l0.jpg,[Kurly's] 물만두,9200,800g,"치킨, 피자, 핫도그, 만두",271,281
5048681,https://img-cf.kurly.com/shop/data/goods/165303997425l0.jpeg,[우주인피자] 허니 고르곤졸라,11900,338g,"치킨, 피자, 핫도그, 만두",452,148
1000052927,https://product-image.kurly.com/product/image/eecc936c-d450-4823-b333-c49be3dc126a.jpg,[조선호텔] 꿔바로우 450g,9800,450g,"치킨, 피자, 핫도그, 만두",303,342
1001553838,https://product-image.kurly.com/product/image/22120f3c-2911-4c67-9091-096b09800dc9.jpg,"[2개 구매 시 9,000원][고메] 소바바치킨 순살 4종 (택1)",6980,240g,"치킨, 피자, 핫도그, 만두",594,438
1000619042,https://product-image.kurly.com/product/image/e4fff538-8d7c-40af-ab70-8a6d3474974c.jpg,[비비고] 통새우만두 200g,6980,1팩 : 200g,"치킨, 피자, 핫도그, 만두",614,242
5048683,https://img-cf.kurly.com/shop/data/goods/1653039993170l0.jpeg,[우주인피자] 마르게리따,11900,290g,"치킨, 피자, 핫도그, 만두",23,396
5069883,https://product-image.kurly.com/product/image/deb41eee-ba97-4585-a368-d7029127f5d3.jpeg,[하림] 치킨너겟 850g,13550,850g,"치킨, 피자, 핫도그, 만두",3,352
1000229616,https://product-image.kurly.com/product/image/410de09c-72d5-4e5d-b2b0-d62b33ce2395.jpg,[비비고] 왕교자 455gx2개입,9480,1세트(455g*2봉),"치킨, 피자, 핫도그, 만두",360,187
5069882,https://product-image.kurly.com/product/image/56691907-9b16-488c-830a-9e7a6b5aae5e.jpg,[하림] 용가리 치킨 850g,13800,850g,"치킨, 피자, 핫도그, 만두",1,385
5082275,https://product-image.kurly.com/product/image/cef3675d-1df2-45cd-926f-2aef796d7341.jpg,[비비고] 김치 왕교자 만두 대용량 1.05kg,12480,1050g,"치킨, 피자, 핫도그, 만두",716,467
5051972,https://product-image.kurly.com/product/image/99b9dabd-2d20-4e24-aa07-a493c0cfb774.jpeg, [애슐리] 오리지널 통살치킨,9900,500g,"치킨, 피자, 핫도그, 만두",358,256
5012850,https://img-cf.kurly.com/shop/data/goods/1580201828996l0.jpg,[SEMIWON] 새우 완탕,10380,340g,"치킨, 피자, 핫도그, 만두",267,133
1001150374,https://product-image.kurly.com/product/image/346a2bdb-37c3-4e4e-aa94-97fcc2b69b6e.jpg,"[비비드키친] 저당 닭가슴살 브리또 6종 2개입 (택1, NEW 옵션 추가)",7800,250g(125g*2개입),"치킨, 피자, 핫도그, 만두",555,271
5121291,https://product-image.kurly.com/product/image/f67a5673-09b6-4373-91a4-2307591c7908.jpg,[멕시카나] 더 바삭한 닭강정 2종,9990,500g,"치킨, 피자, 핫도그, 만두",722,8
1001460484,https://product-image.kurly.com/product/image/ee0e567f-9044-4f63-bc8b-00d69891ac5a.jpg,[사세] 버팔로 윙봉 골드 1kg,16900,1kg,"치킨, 피자, 핫도그, 만두",336,347
1001320755,https://product-image.kurly.com/product/image/ce75982e-50c0-4d1c-804f-b99d84fac539.jpg,[신선설농탕] 신선 왕만두 490g ,7000,490g,"치킨, 피자, 핫도그, 만두",819,248
1001959581,https://product-image.kurly.com/product/image/55ced14e-9ffa-4c57-b3d6-9f7e20f843c0.jpg,[도스타코스] 살사 타코 3종 (택1),8900,159g,"치킨, 피자, 핫도그, 만두",9,73
5025430,https://product-image.kurly.com/product/image/6bcdbae0-f35b-431e-aca2-0fe7499a511a.jpg,[고메] 크리스피 핫도그 400g(80gX5개입),8480,80g*5(400g),"치킨, 피자, 핫도그, 만두",645,88
5054960,https://img-cf.kurly.com/shop/data/goods/1656061856259l0.jpg,"[Kurly's] 간편하게 바삭, 통등심 돈까스",6550,270g(135g*2ea),"치킨, 피자, 핫도그, 만두",579,426
1000157424,https://product-image.kurly.com/product/image/4d69afee-e834-4702-8706-fe1a1dad2b4b.jpg,[비비고] 물만두 370gx2개입,9980,740g,"치킨, 피자, 핫도그, 만두",544,242
1000529408,https://product-image.kurly.com/product/image/ac82eafb-bc1e-407d-a9a8-acc7ac02c42a.jpg,[애플하우스] 무침 군만두,7900,360g,"치킨, 피자, 핫도그, 만두",572,326
5051977,https://img-cf.kurly.com/shop/data/goods/158795645680l0.jpg,[애슐리] 시카고 딥디쉬 피자,8900,406g,"치킨, 피자, 핫도그, 만두",702,479
5136015,https://product-image.kurly.com/product/image/c43871bf-411d-475d-bea1-67e4feb71ab7.jpg,[고메] 오리지널 핫도그 400g(80gX5개입),6980,400g(80g*5개),"치킨, 피자, 핫도그, 만두",652,310
5044304,https://img-cf.kurly.com/shop/data/goods/15881272270l0.jpg,[톰볼라] 버섯 피자,16600,425g,"치킨, 피자, 핫도그, 만두",448,279
5101000,https://product-image.kurly.com/product/image/b54e8a60-1d97-43bd-9866-79233cc1b5da.jpg,[고메] 치즈크리스피 핫도그 340g(85gX4개입),8480,85g X 4개,"치킨, 피자, 핫도그, 만두",33,380
5010898,https://product-image.kurly.com/product/image/9e29dc48-f9a9-44db-80b0-5c503b0ce405.jpg,[고메] 크리스피 너겟,9980,450g,"치킨, 피자, 핫도그, 만두",843,95
1000964259,https://product-image.kurly.com/product/image/87c78586-cd7f-428e-913e-10267517af29.jpg,[제일맞게컬리] 차돌 김치왕교자 1.01kg,11480,1.01kg,"치킨, 피자, 핫도그, 만두",884,191
1000347944,https://product-image.kurly.com/product/image/5ba8f2fb-7044-4d12-98cc-4fc245b4e028.jpg,[사세] 버팔로 윙 골드 1kg,18900,1kg,"치킨, 피자, 핫도그, 만두",420,325
1000260416,https://product-image.kurly.com/product/image/865d888e-c1a0-462d-a2c9-aec3215031fb.jpg,[동원] 딤섬 부추창펀 (390gX2봉),10480,390gX2봉,"치킨, 피자, 핫도그, 만두",296,14
5041236,https://product-image.kurly.com/product/image/44a9ff3c-dd70-4d50-a128-954f11d956e3.jpg,[고메] 통등심 돈카츠,10980,450g,"치킨, 피자, 핫도그, 만두",170,335
1000231881,https://product-image.kurly.com/product/image/c8ef10d5-a308-4b98-9d0b-5f7e5e46ecfc.jpg,[비비고] 수제 진한고기만두 400gx2개입,9980,800g,"치킨, 피자, 핫도그, 만두",358,483
1001455953,https://product-image.kurly.com/product/image/686295fb-fc08-42dd-9546-77e34b5f9c20.jpg,[풀무원] 순두부 또띠아로 감싼 마이브리또 2종 2개입 (택1),6980,230g (115g*2개입),"치킨, 피자, 핫도그, 만두",305,116
1001137106,https://product-image.kurly.com/product/image/325a4aaa-1ee6-4372-95a0-41a6ba7eba41.jpg,[굽네] 닭가슴살 곤약 새우 만두 2종 (택1),2990,180g,"치킨, 피자, 핫도그, 만두",292,70
5079511,https://img-cf.kurly.com/shop/data/goods/1626757739743l0.jpg,[청담동 피양옥] 이북식 만두,9600,450g,"치킨, 피자, 핫도그, 만두",774,81
5048680,https://img-cf.kurly.com/shop/data/goods/1653040021939l0.jpeg,[우주인피자] 허니 갈릭 페퍼로니,11900,394g,"치킨, 피자, 핫도그, 만두",765,419
1000189809,https://product-image.kurly.com/product/image/4d31d6e8-4337-45c1-a95f-3f7e9ad9af95.jpg,[사세] 치킨가라아게 2종 (택1),7900,500g/1kg,"치킨, 피자, 핫도그, 만두",269,121
5003128,https://img-cf.kurly.com/shop/data/goods/1510808076661l0.jpg,[네니아] 물만두,14800,1kg,"치킨, 피자, 핫도그, 만두",952,317
5103621,https://product-image.kurly.com/product/image/5d24afb4-4911-4966-b50a-4bf64aece143.jpg,[풀무원] 얄피꽉찬 생 물만두 X 3입,10480,250g * 3개입,"치킨, 피자, 핫도그, 만두",950,469
1000525392,https://product-image.kurly.com/product/image/bd168de8-f9d0-4ce9-8738-fe2edf72456b.jpg,[성수동분식] 대구식 수제 납작만두(30개입),7200,390g(13gx30개입),"치킨, 피자, 핫도그, 만두",533,368
5050287,https://product-image.kurly.com/product/image/b447f949-d0a5-4b4c-950a-208c766044c6.jpg,[더오담] 에어프라이어 돈까스 4종 (3입),9800,"3입 : 390g , 465g(통치즈) ","치킨, 피자, 핫도그, 만두",271,52
1001505506,https://product-image.kurly.com/product/image/49b6836d-73b9-4445-bdb0-4d514d407bf0.jpg,[장터만두] 시장 김치 만두 840g,8700,840g,"치킨, 피자, 핫도그, 만두",717,368
1002003592,https://product-image.kurly.com/product/image/a5d7fc24-de10-48d6-8229-17a4b9569b8c.jpg,[샐러디] 고단백 저당 두부 부리또 2종 2개입 (택1),9000,260g (130g*2개입),"치킨, 피자, 핫도그, 만두",290,224
1001438150,https://product-image.kurly.com/product/image/2ee61320-eae3-4906-b0ee-ecd7bea37ab5.jpg,[중앙닭강정] 오리지널 보통맛 1kg (냉동),18900,1kg,"치킨, 피자, 핫도그, 만두",818,169
1001368737,https://product-image.kurly.com/product/image/6796e48c-bdbc-46d7-a56b-4952b9e0abd6.jpg,[풀무원] 평양왕만두 1.4kg,13980,"1,400g","치킨, 피자, 핫도그, 만두",392,300
5011036,https://product-image.kurly.com/product/image/fcce0488-f054-4549-ab6d-8423e52da172.jpg,[풀무원] 모짜렐라 핫도그 320g(80gX4개입),8480,80g*4개입,"치킨, 피자, 핫도그, 만두",396,83
1001180048,https://product-image.kurly.com/product/image/38b4b249-8eb2-4c93-b714-2cbc4f3d7d2d.jpg,[Chai797] 딤섬 새우 창펀 300g,8900,300g,"치킨, 피자, 핫도그, 만두",48,3
5100657,https://product-image.kurly.com/product/image/71482413-d496-4108-a59a-39e8db8e9681.jpg,[고메] 포테이토치즈 핫도그 400g(100gX4개입),9980,100g x 4개,"치킨, 피자, 핫도그, 만두",712,263
1001320916,https://product-image.kurly.com/product/image/4baa66e5-a3b0-4484-bd58-d7c21e069713.jpg,[장터만두] 시장 고기 만두 840g,8700,840g,"치킨, 피자, 핫도그, 만두",756,149
1000677083,https://product-image.kurly.com/product/image/ec1f54b1-cd3e-4131-bbcd-0a0d4a7a41e2.jpg,[애슐리] 크런치즈엣지 피자 2종 (택1),9900,상품별 상이,"치킨, 피자, 핫도그, 만두",169,254
1000632694,https://product-image.kurly.com/product/image/91d69561-3724-4dd9-b7f0-531dacc7e2f5.jpg,[이연복의 목란] 샤오롱바오,6900,392g,"치킨, 피자, 핫도그, 만두",910,220
5025946,https://product-image.kurly.com/product/image/d3c5fcde-cd36-4a67-9e78-ff874a863df6.jpg,[비비고] 든든 한섬만두 384gx2개입,9980,384gx2봉,"치킨, 피자, 핫도그, 만두",129,377
1001894649,https://product-image.kurly.com/product/image/4e45bf39-1a9a-46bd-99dd-3dfe12703ff1.jpg,[고메] 정지선 셰프 딤섬 새우하가우135g,5980,135g,"치킨, 피자, 핫도그, 만두",903,119
1000270029,https://product-image.kurly.com/product/image/22fbb789-a9f1-4fb8-8baf-58ba8dff2ee1.jpg,[호텔컬렉션] 북경식 꿔바로우 600g,12980,600g (꿔바로우 400g+소스 200g),"치킨, 피자, 핫도그, 만두",853,18
5007148,https://img-cf.kurly.com/shop/data/goods/1500540457194l0.jpg,[SEMIWON] 왕하가우,7180,200g,"치킨, 피자, 핫도그, 만두",103,341
1001495269,https://product-image.kurly.com/product/image/0add14bd-8039-4ecd-89b5-accc11767eb5.jpg,[오뚜기] 리얼 멕시칸 브리또 페페로니트리플치즈 (125G x 3개입),8980,375g(125g*3개입),"치킨, 피자, 핫도그, 만두",493,245
1000469185,https://product-image.kurly.com/product/image/4c851f95-641e-43dc-8165-ebdc5a9236c6.jpg,[오뚜기]X.O.교자 3종,9480,상세페이지 참조,"치킨, 피자, 핫도그, 만두",615,55
1001932968,https://product-image.kurly.com/product/image/9b9f29f3-e4c2-476d-b797-95358008318f.jpg,[BBQ] 후라이드 치킨,9900,400g,"치킨, 피자, 핫도그, 만두",67,10
1000130493,https://product-image.kurly.com/product/image/951801c6-be8c-4f5c-b1bf-d3c9afb483a1.jpg,[마니커에프앤지] 케이준치킨텐더 400g,6900,400g,"치킨, 피자, 핫도그, 만두",636,193
1000942460,https://product-image.kurly.com/product/image/73e60693-de59-44ec-8137-ae91c5c40795.jpg,[풀무원] 노엣지피자 코리안 BBQ,9980,322g,"치킨, 피자, 핫도그, 만두",42,68
1001970794,https://product-image.kurly.com/product/image/69090a84-326a-473f-846c-eb813c54f606.jpg,[비비고] 왕교자 1.4KG,14980,1400,"치킨, 피자, 핫도그, 만두",749,111
1000106179,https://product-image.kurly.com/product/image/cb9b0bd9-ffd5-409b-a7f4-e22f9aaed9c6.jpg,[고메] 통모짜크리스피 핫도그 340g(85gX4개입),9980,340g,"치킨, 피자, 핫도그, 만두",655,308
1000261853,https://product-image.kurly.com/product/image/faba0451-2fa2-4e36-80a3-ad6ec7ace6e6.jpg, [동원] 딤섬 새우 하가우 (300gX2개입),10480,300g X 2봉,"치킨, 피자, 핫도그, 만두",862,347
1000229626,https://product-image.kurly.com/product/image/c38c1cf5-8b4a-42b1-aa3d-281c24b2c122.jpg,[비비고] 군만두 450Gx2개입,9980,900g (450g*2),"치킨, 피자, 핫도그, 만두",874,484
1000205908,https://product-image.kurly.com/product/image/f1e8aee0-293c-4800-b1f2-59e6d0bab523.jpg,[크리스탈제이드] 오리지널 쇼마이,12500,270g / 9개입,"치킨, 피자, 핫도그, 만두",27,47
5006483,https://product-image.kurly.com/product/image/4fd4a614-0df0-421c-aad1-e47700c34521.jpg,[풀무원] 올바른 핫도그 300g(75gX4개입),6980,75g*4개,"치킨, 피자, 핫도그, 만두",229,333
5138708,https://product-image.kurly.com/product/image/d4f339c4-5758-42ac-80fa-9a434fe6f3ce.jpeg,[하림] 닭가슴살 핫도그 450g(90gX5개입),8980,450g,"치킨, 피자, 핫도그, 만두",738,161
1000136442,https://product-image.kurly.com/product/image/26c4b722-c93a-4382-a286-beb84faddc56.jpg,[비비고] 찰보리 감자만두 400gx2개입,9980,800g,"치킨, 피자, 핫도그, 만두",357,439
1000157446,https://product-image.kurly.com/product/image/9c46a676-5afc-46eb-a099-4d48bdbc391e.jpg,[고메] 소바바치킨 소이허니 윙/봉(택1),8980,300g,"치킨, 피자, 핫도그, 만두",223,9
5155874,https://product-image.kurly.com/product/image/0ee8b53d-da62-4d31-93e3-39a2949cfe62.jpg,[쉐푸드] 우유 미니 핫도그 500g,8780,500g,"치킨, 피자, 핫도그, 만두",525,245
5155722,https://img-cf.kurly.com/shop/data/goods/1658390539911l0.jpg,[맛있다그랭] 닭가슴살 다이어트 만두 3종(4개입)(택1),9000,180g*4팩,"치킨, 피자, 핫도그, 만두",968,3
1001866255,https://product-image.kurly.com/product/image/75747c9b-958d-4ab3-aac4-41512edf1f93.jpg,[우주인피자] 트리플 치즈 라구,13900,423g,"치킨, 피자, 핫도그, 만두",555,48
5010302,https://img-cf.kurly.com/shop/data/goods/1554340552685l0.jpg,[창화당] 납작 왕군만두 2종,8200,500g,"치킨, 피자, 핫도그, 만두",348,426
1000763401,https://product-image.kurly.com/product/image/f0d98ff7-1ecc-4625-b716-8005edfd5474.jpg,[오뚜기] 돌판오븐 피자 4종 (택1),6980,옵션별 상이,"치킨, 피자, 핫도그, 만두",977,336
1001865902,https://product-image.kurly.com/product/image/7f5d5db9-87ab-4c6c-9fdd-2532aad8660d.jpg,[BBQ] 오븐구이 닭다리살 (자메이카) 300g,8900,300g,"치킨, 피자, 핫도그, 만두",511,264
5056316,https://product-image.kurly.com/product/image/906e8fac-a48a-4ce0-bf95-c50639b9280e.jpg,[마니커에프앤지] 바사삭 치킨 닭다리 420g,8980,420g,"치킨, 피자, 핫도그, 만두",727,240
5044707,https://img-cf.kurly.com/shop/data/goods/1607304232748l0.jpg,[마포식품] 만두피 3종 (택1),4400,옵션별 상이,"치킨, 피자, 핫도그, 만두",388,397
1001026648,https://product-image.kurly.com/product/image/c63d924e-2d2c-4133-a789-1cb56dfefc65.jpg,[비비고] 진한 김치고기만두 200g,4900,200g,"치킨, 피자, 핫도그, 만두",880,94
1001411921,https://product-image.kurly.com/product/image/2d6fb654-3ba6-45e4-a8ce-c946695bf915.jpg,[청담동 피양옥] 인기 평양냉면&만두&녹두전 3종 (택1),9600,옵션별 상이,"치킨, 피자, 핫도그, 만두",148,206
1000231894,https://product-image.kurly.com/product/image/d3785f7e-1743-48e0-aad0-f58be7aea271.jpg,[비비고] 수제진한김치만두 400Gx2개입,9980,800g,"치킨, 피자, 핫도그, 만두",270,38
5010024,https://img-cf.kurly.com/shop/data/goods/1510809235913l0.jpg,[네니아] 우리밀 왕교자,14500,1kg,"치킨, 피자, 핫도그, 만두",507,483
1001255496,https://product-image.kurly.com/product/image/601a0818-b99f-42ac-bf51-4882854d57ea.jpg,[뽀로로] DIY 하와이안 피자만들기,9900,295g,"치킨, 피자, 핫도그, 만두",79,434
1000572062,https://product-image.kurly.com/hdims/resize/%5E%3E720x%3E936/cropcenter/720x936/quality/85/src/product/image/1e143634-65e2-40e9-bbc8-8580f1b0e084.jpg,[사리원] 소불고기 전골,12720,1팩,밀키트,239,29
1001207466,https://product-image.kurly.com/hdims/resize/%5E%3E720x%3E936/cropcenter/720x936/quality/85/src/product/image/5588e602-4670-4eba-80bd-0d8690493ad3.jpg,[차려낸] 햄 가득 송탄식 부대찌개,11900,,밀키트,582,223
1000811962,https://product-image.kurly.com/hdims/resize/%5E%3E720x%3E936/cropcenter/720x936/quality/85/src/product/image/39b48630-0359-4f08-aea3-8193aea1fc52.jpg,[일상식탁] 부산식 얼큰 낙곱새,14950,1팩,밀키트,650,366
5073094,https://img-cf.kurly.com/hdims/resize/%5E%3E720x%3E936/cropcenter/720x936/quality/85/src/shop/data/goods/163792233013l0.jpg,[에머이] 소고기 쌀국수 키트 (2인분),11250,1봉,밀키트,787,358
1000942597,https://product-image.kurly.com/hdims/resize/%5E%3E720x%3E936/cropcenter/720x936/quality/85/src/product/image/738cd5df-5b62-43e3-b761-7f73aa6f9b76.jpg,[니뽕내뽕] 크뽕 (크림 짬뽕),8900,1개,밀키트,695,14
1001861172,https://product-image.kurly.com/hdims/resize/%5E%3E720x%3E936/cropcenter/720x936/quality/85/src/product/image/29695334-43ca-4c77-ac00-440814b9160a.jpg,[도량] 철가방요리사 임태훈 셰프의 짬뽕 (2인분),15717,1팩,밀키트,922,105
5049405,https://product-image.kurly.com/hdims/resize/%5E%3E720x%3E936/cropcenter/720x936/quality/85/src/product/image/4c9ec7b6-e293-45ad-9d45-b8217da74894.jpg?v=0531,[My little recipe] 안동에서 올라온 전통찜닭 (2인용),16983,1팩,밀키트,939,368
1001879592,https://product-image.kurly.com/hdims/resize/%5E%3E720x%3E936/cropcenter/720x936/quality/85/src/product/image/1e96ce62-9370-4d3f-8cb0-b9cd29133a6a.jpg,[흑백요리사] 최강록셰프 미역우동 454g,7980,,밀키트,890,354
5100788,https://product-image.kurly.com/hdims/resize/%5E%3E720x%3E936/cropcenter/720x936/quality/85/src/product/image/79ee3143-d5cd-47ec-9bc2-4d595434db33.jpeg,[마이셰프] 소고기 샤브샤브 밀키트 3~4인분(고기350g),25110,1 팩,밀키트,148,463
1001784954,https://product-image.kurly.com/hdims/resize/%5E%3E720x%3E936/cropcenter/720x936/quality/85/src/product/image/f62ebfaa-81ef-4bdc-96f6-7eea4f8bf781.jpg,[도량] 철가방요리사 임태훈 셰프의 짜장면 (2인분),13485,1팩,밀키트,670,396
1001417490,https://product-image.kurly.com/hdims/resize/%5E%3E720x%3E936/cropcenter/720x936/quality/85/src/product/image/1ff76638-1b2a-4d84-9b7e-bb037bd84e5b.jpg,[신의주 찹쌀순대] 매콤양념 쫄순대볶음 925g,12218,1팩,밀키트,719,75
1001103024,https://product-image.kurly.com/hdims/resize/%5E%3E720x%3E936/cropcenter/720x936/quality/85/src/product/image/2c062f2a-9acb-49e5-b58a-18600579dc64.jpg,[신사동 포노 부오노] 히든 천재의 알리오올리오 파스타,9265,1개입,밀키트,181,70
1001866269,https://product-image.kurly.com/hdims/resize/%5E%3E720x%3E936/cropcenter/720x936/quality/85/src/product/image/8a93c024-48e4-4e90-a6a5-665dda325398.jpg,[채선당] 샤브샤브 밀키트(2인분),18810,1팩,밀키트,235,191
1000040783,https://product-image.kurly.com/hdims/resize/%5E%3E720x%3E936/cropcenter/720x936/quality/85/src/product/image/9115079e-d4b5-4081-a762-5940ca6fc3da.jpeg,[바른식] 강릉식 짬뽕순두부 찌개,9900,1팩,밀키트,379,186
1001706193,https://product-image.kurly.com/hdims/resize/%5E%3E720x%3E936/cropcenter/720x936/quality/85/src/product/image/502a0e7a-a757-40e6-ae50-c16020207b5c.jpg,[차려낸] 불맛을 더한 강릉식 짬뽕순두부찌개,7490,1팩,밀키트,343,6
1001606890,https://product-image.kurly.com/hdims/resize/%5E%3E720x%3E936/cropcenter/720x936/quality/85/src/product/image/aae43e58-cbdf-4e5f-93ae-e630e298e4d9.jpg,[차려낸] 국물이 시원한 바지락 칼국수(4인분),11900,1팩,밀키트,209,206
1001740698,https://product-image.kurly.com/hdims/resize/%5E%3E720x%3E936/cropcenter/720x936/quality/85/src/product/image/6a1b51ef-88c6-4157-95f0-5902d99dfa4f.jpg,[콜린스 다이닝] 바지락 술찜 파스타,11900,1,밀키트,693,301
1001398968,https://product-image.kurly.com/hdims/resize/%5E%3E720x%3E936/cropcenter/720x936/quality/85/src/product/image/35e257a8-40f7-4d11-90d8-cdd2b5319a27.jpg,[윤서울] 김도윤 셰프의 한돈 고추장불고기,8990,1팩,밀키트,977,174
1001345828,https://product-image.kurly.com/hdims/resize/%5E%3E720x%3E936/cropcenter/720x936/quality/85/src/product/image/563d5c56-a9cc-4b72-9edd-4ad26b2f5c51.jpg,[차려낸] 매콤 양념 낙곱새 전골,12900,1팩,밀키트,603,394
1001837821,https://product-image.kurly.com/hdims/resize/%5E%3E720x%3E936/cropcenter/720x936/quality/85/src/product/image/675b2184-2aa1-4ab3-85e1-eae9b304d811.jpg,[김호윤키친] 더이탈리안클럽 안심 큐브스테이크,16318,1팩,밀키트,314,469
1000552445,https://product-image.kurly.com/hdims/resize/%5E%3E720x%3E936/cropcenter/720x936/quality/85/src/product/image/445fc52f-15db-43d5-a639-e4410321b84e.jpg,[콜린스 다이닝] 전복솥밥 키트,18500,1팩,밀키트,46,40
1001445406,https://product-image.kurly.com/hdims/resize/%5E%3E720x%3E936/cropcenter/720x936/quality/85/src/product/image/3d147767-2c82-4ef3-aa10-dfc55af2ebd0.jpg,[한팟] 대전식 오징어 두부두루치기 2인분,9810,1팩,밀키트,203,326
1001929284,https://product-image.kurly.com/hdims/resize/%5E%3E720x%3E936/cropcenter/720x936/quality/85/src/product/image/1403e638-25a2-4e3b-a985-d9d2620ad05d.jpg,[오근내닭갈비] 국산 닭다리살 닭갈비 (냉장),15210,1팩,밀키트,875,402
1001959310,https://product-image.kurly.com/hdims/resize/%5E%3E720x%3E936/cropcenter/720x936/quality/85/src/product/image/ad684bcd-ec5a-40e1-9a4d-68783400c3bf.jpg,[옥된장] 소고기삼겹 미나리 된장전골,15717,1팩,밀키트,690,278
1001742683,https://product-image.kurly.com/hdims/resize/%5E%3E720x%3E936/cropcenter/720x936/quality/85/src/product/image/c5c29711-6b56-401d-8e47-bafeffa606d9.jpg,[경자국밥] 인기 국밥 3종,7900,1팩,밀키트,628,197
1001959290,https://product-image.kurly.com/hdims/resize/%5E%3E720x%3E936/cropcenter/720x936/quality/85/src/product/image/bb65d9d7-ab74-432a-b120-20c2a373b7af.jpg,[청도미나리식당] 청도미나리 샤브샤브&칼국수,15210,1팩,밀키트,473,376
1000679377,https://product-image.kurly.com/hdims/resize/%5E%3E720x%3E936/cropcenter/720x936/quality/85/src/product/image/b4d339a3-5cc6-49d4-b0c4-e2400a423a26.jpg,[윤서울] 김도윤 셰프의 모둠나물면,9400,1팩,밀키트,311,1
1000016600,https://product-image.kurly.com/hdims/resize/%5E%3E720x%3E936/cropcenter/720x936/quality/85/src/product/image/e95d2c3e-8fb5-4cf5-ad7b-5d2611a08476.jpeg?v=0531,[투다리] 시그니처 김치우동 (2인분),10720,1개,밀키트,480,66
1001761115,https://product-image.kurly.com/hdims/resize/%5E%3E720x%3E936/cropcenter/720x936/quality/85/src/product/image/8bb34b8f-d8b7-454e-aca6-a980252f7a51.jpg,[안유성 명장] 광주 가매일식 나가사키 짬뽕탕(2인분),12060,1팩,밀키트,280,38
5053932,https://product-image.kurly.com/hdims/resize/%5E%3E720x%3E936/cropcenter/720x936/quality/85/src/product/image/ea301077-e050-4fdc-8e6c-7f216a349ea1.jpeg?v=0531,[한팟] 치즈 부대찌개 1858g(냉장),13299,1팩,밀키트,91,401
5062362,https://product-image.kurly.com/hdims/resize/%5E%3E720x%3E936/cropcenter/720x936/quality/85/src/product/image/a872cc78-6dd5-4c7e-9a59-f84128fada19.jpg?v=0531,[하루한킷] 송탄식 부대찌개,15900,1팩,밀키트,581,455
1001052635,https://product-image.kurly.com/hdims/resize/%5E%3E720x%3E936/cropcenter/720x936/quality/85/src/product/image/d56458c2-8b07-4817-8bf2-4abf51aff9dc.jpg,[니뽕내뽕] 인기 짬뽕 3종 (택1),7565,1개,밀키트,928,143
1001879588,https://product-image.kurly.com/hdims/resize/%5E%3E720x%3E936/cropcenter/720x936/quality/85/src/product/image/7a0aec2d-5ef1-48a5-9325-2539a278670b.jpg,[흑백요리사] 최강록셰프 김치우동 458g,7980,,밀키트,177,391
1000098225,https://product-image.kurly.com/hdims/resize/%5E%3E720x%3E936/cropcenter/720x936/quality/85/src/product/image/6e3f8ced-60c9-40bf-b4d6-1b4ad3bd8bec.jpg,[아우름] 바다를 품은 솥밥키트 2종 (냉동) (택1),12100,1팩,밀키트,441,246
1002003522,https://product-image.kurly.com/hdims/resize/%5E%3E720x%3E936/cropcenter/720x936/quality/85/src/product/image/b3d9bd48-bdd2-4d98-afe2-4b06c0ff1795.jpg,[탄탄면공방] 오리지널 탄탄면,6710,1팩,밀키트,243,8
1000661115,https://product-image.kurly.com/hdims/resize/%5E%3E720x%3E936/cropcenter/720x936/quality/85/src/product/image/8552f690-fa9e-414c-ae48-d22d6c5800ee.jpg,[현대옥] 황태콩나물 국밥,9810,1팩,밀키트,370,378
1001381556,https://product-image.kurly.com/hdims/resize/%5E%3E720x%3E936/cropcenter/720x936/quality/85/src/product/image/6f30cdff-81e2-4538-a63d-7eca2f3fcbe3.jpg,[정지선의 티엔미미] 어향가지,10578,1팩,밀키트,563,272
1001544670,https://product-image.kurly.com/hdims/resize/%5E%3E720x%3E936/cropcenter/720x936/quality/85/src/product/image/4208e6ea-4e40-4e68-b7a0-1d4ed97c01c5.jpg,[한식곳간] 아롱사태 수육전골,19900,1팩,밀키트,20,33
1001774553,https://product-image.kurly.com/hdims/resize/%5E%3E720x%3E936/cropcenter/720x936/quality/85/src/product/image/7e09a9a3-b7f7-4517-9e42-19b69190b45e.jpg,[차려낸] 시원하고 칼칼한 바지락술찜파스타,9265,1팩,밀키트,160,459
1001826488,https://product-image.kurly.com/hdims/resize/%5E%3E720x%3E936/cropcenter/720x936/quality/85/src/product/image/b5aad81c-5359-45da-890c-eabacf02e955.jpg,[도우룸] 이준셰프의 트러플 머쉬룸 수제 뇨끼,13410,1팩,밀키트,80,356
1000944714,https://product-image.kurly.com/hdims/resize/%5E%3E720x%3E936/cropcenter/720x936/quality/85/src/product/image/9c1b9f3d-aa4a-4255-a17b-0f1dc86373a8.jpg,[정지선의 티엔미미] 중식 밀키트 BEST 14종 (택1),9030,1개,밀키트,705,104
1001209336,https://product-image.kurly.com/hdims/resize/%5E%3E720x%3E936/cropcenter/720x936/quality/85/src/product/image/863228ff-aa9a-4fab-9b42-d929594abcc4.jpg,[차려낸] 살얼음 육수 냉메밀소바 2인분,5990,1팩,밀키트,379,71
5099160,https://product-image.kurly.com/hdims/resize/%5E%3E720x%3E936/cropcenter/720x936/quality/85/src/product/image/b5a8601f-c837-4d1f-bc7d-f3b3f5daefc2.jpg,[LITTLENECK] 리틀넥 스테이크 키트,19900,1팩,밀키트,703,338
1000228882,https://product-image.kurly.com/hdims/resize/%5E%3E720x%3E936/cropcenter/720x936/quality/85/src/product/image/ea4c6ec0-3528-4760-aa81-224e23c8402e.jpg,[피코크] 미가 들깨 수제비,9280,1팩,밀키트,245,369
1000524685,https://product-image.kurly.com/hdims/resize/%5E%3E720x%3E936/cropcenter/720x936/quality/85/src/product/image/ace6bb54-2434-4ca0-86ab-5bea178f5669.jpg,[투다리] 오리지널 알탕,12665,1팩,밀키트,407,80
1001479519,https://product-image.kurly.com/hdims/resize/%5E%3E720x%3E936/cropcenter/720x936/quality/85/src/product/image/6df0ba21-49f6-429f-a9c3-b739789e0719.jpg,[신의주 찹쌀순대] 들깨 가득 백순대 볶음 915g,12665,1팩,밀키트,318,475
1001986865,https://product-image.kurly.com/hdims/resize/%5E%3E720x%3E936/cropcenter/720x936/quality/85/src/product/image/fcb14eb8-4d03-42ba-8c64-f832e73d0f0f.jpg,[흑백요리사] 최강록셰프 카레우동 760g ,7980,1팩,밀키트,834,348
1000942595,https://product-image.kurly.com/hdims/resize/%5E%3E720x%3E936/cropcenter/720x936/quality/85/src/product/image/49ee6971-deff-41e8-9b2c-371c8723a92e.jpg,[니뽕내뽕] 토뽕 (토마토 짬뽕),7565,1개,밀키트,618,358
1000756142,https://product-image.kurly.com/hdims/resize/%5E%3E720x%3E936/cropcenter/720x936/quality/85/src/product/image/9c1129f9-9153-4209-a7bc-b2002de29304.jpg,[채선당] 소고기 버섯 샤브샤브 밀키트,16065,1팩,밀키트,938,126
1000752109,https://product-image.kurly.com/hdims/resize/%5E%3E720x%3E936/cropcenter/720x936/quality/85/src/product/image/997b370e-16a5-473d-9586-4dc97f1530aa.jpg,[투다리] 한우대창나베,15640,1팩,밀키트,167,334
1000281727,https://product-image.kurly.com/hdims/resize/%5E%3E720x%3E936/cropcenter/720x936/quality/85/src/product/image/3e7c53ae-8bd8-4e03-9c0c-86308c92344b.jpg,[쌉 : SAAP] 팟타이 2인분,12900,1개,밀키트,908,102
1001254478,https://product-image.kurly.com/hdims/resize/%5E%3E720x%3E936/cropcenter/720x936/quality/85/src/product/image/f52cc904-39be-4e3d-ab83-da8ac56e0763.jpg,[차려낸] 명태 듬뿍 속초식 회냉면 2인분,9900,1팩,밀키트,686,70
1001766073,https://product-image.kurly.com/hdims/resize/%5E%3E720x%3E936/cropcenter/720x936/quality/85/src/product/image/2591006f-53cb-48ca-b5af-5793f884148d.jpg,[디델리] 추억의 라볶이,6990,1팩,밀키트,646,181
1000360724,https://product-image.kurly.com/hdims/resize/%5E%3E720x%3E936/cropcenter/720x936/quality/85/src/product/image/f85c7e16-8367-4bb4-bb98-7e8a7d10bb70.jpg,[매일식탁] 의정부식 부대찌개 (2인),9500,1팩,밀키트,616,189
1001867891,https://product-image.kurly.com/hdims/resize/%5E%3E720x%3E936/cropcenter/720x936/quality/85/src/product/image/19da4eb7-935a-457f-a419-a7700a501ded.jpg,[채선당] 월남쌈 밀키트 2인분,17910,,밀키트,140,93
1001528218,https://product-image.kurly.com/hdims/resize/%5E%3E720x%3E936/cropcenter/720x936/quality/85/src/product/image/19837e9f-192a-4e28-8a51-57d333ede479.jpg,[김호윤키친] 더이탈리안클럽 화이트라구 파스타,11610,1팩,밀키트,25,203
5049242,https://img-cf.kurly.com/hdims/resize/%5E%3E720x%3E936/cropcenter/720x936/quality/85/src/shop/data/goods/1582860898915l0.jpg,[My little recipe] 안동에서 올라온 전통찜닭 대용량 (3~4인용),27000,1팩,밀키트,823,274
1001202303,https://product-image.kurly.com/hdims/resize/%5E%3E720x%3E936/cropcenter/720x936/quality/85/src/product/image/fc46cd1c-7263-4154-abf1-1c9f36c813e8.jpg,[사리원] 얼큰 소불고기 왕만두 전골,14950,1팩,밀키트,768,322
1001867515,https://product-image.kurly.com/hdims/resize/%5E%3E720x%3E936/cropcenter/720x936/quality/85/src/product/image/0bfa51bf-cb87-4e86-bb17-6c075456c570.jpg,[마이셰프] 한우 사골 떡만둣국,7140,1팩,밀키트,560,274
1001913663,https://product-image.kurly.com/hdims/resize/%5E%3E720x%3E936/cropcenter/720x936/quality/85/src/product/image/fe0446de-566f-4c88-905b-e48ab6b203f6.jpg,[신사동 포노 부오노] 히든 천재의 이탈리안 토마토 치즈 미트볼,12420,1팩,밀키트,371,80
1001623562,https://product-image.kurly.com/hdims/resize/%5E%3E720x%3E936/cropcenter/720x936/quality/85/src/product/image/2ab6b295-80ac-4628-9dc6-aedddfa150c1.jpg,[경자국밥] 돼지국밥,7900,1팩,밀키트,935,414
1001991116,https://product-image.kurly.com/hdims/resize/%5E%3E720x%3E936/cropcenter/720x936/quality/85/src/product/image/ec8f4467-23b4-4425-b2ae-b44353d83674.jpg,[한강로칼국수] 백합칼국수 2종,12665,1팩,밀키트,934,344
1001207468,https://product-image.kurly.com/hdims/resize/%5E%3E720x%3E936/cropcenter/720x936/quality/85/src/product/image/0c0e0538-2090-4233-ae0f-f24a7c6e08fb.jpg,[차려낸] 비법 양념 서울식 소불고기전골,13900,1팩,밀키트,937,333
1001757040,https://product-image.kurly.com/hdims/resize/%5E%3E720x%3E936/cropcenter/720x936/quality/85/src/product/image/bd0d6bd4-c627-45fa-9e8a-6cb054918db8.jpg,[김호윤키친] 더이탈리안클럽 트러플 크림 뇨끼,6545,1팩,밀키트,637,472
1000952511,https://product-image.kurly.com/hdims/resize/%5E%3E720x%3E936/cropcenter/720x936/quality/85/src/product/image/86d2b37e-d75c-42fa-8326-0a1079b37b52.jpg,[성수동 팩피 : FAGP] 인기 파스타 2종 (택1),6970,1팩,밀키트,748,481
1001755382,https://product-image.kurly.com/hdims/resize/%5E%3E720x%3E936/cropcenter/720x936/quality/85/src/product/image/3d3190a6-dfa0-43c0-a9e1-6ed880f112cd.jpg,[신사동 포노 부오노] 히든 천재의 쉬림프바질오일파스타,11920,1팩,밀키트,894,119
1000888147,https://product-image.kurly.com/hdims/resize/%5E%3E720x%3E936/cropcenter/720x936/quality/85/src/product/image/7b45fe47-de91-4fe1-8f03-ef667a6d3ddd.jpg,[로스옥] 아롱사태 스지수육,24900,1팩,밀키트,778,455
5116396,https://product-image.kurly.com/hdims/resize/%5E%3E720x%3E936/cropcenter/720x936/quality/85/src/product/image/c1ebe507-40f3-4f17-b44a-f64b2da03d2d.jpg,[김구원선생] 두부 된장찌개 밀키트,7200,1팩,밀키트,530,308
1001415117,https://product-image.kurly.com/hdims/resize/%5E%3E720x%3E936/cropcenter/720x936/quality/85/src/product/image/637e7895-af69-4df5-b6d8-a46d253b5937.jpg,[부산 이가네] 이가네 떡볶이,7490,1팩,밀키트,921,196
1000347300,https://product-image.kurly.com/hdims/resize/%5E%3E720x%3E936/cropcenter/720x936/quality/85/src/product/image/dc8c466e-0a7a-4005-905a-4f28b041cbb3.jpg,[소반옥] 사골 떡 만둣국 (2인분),9900,1개 (2인분),밀키트,456,164
1000420863,https://product-image.kurly.com/hdims/resize/%5E%3E720x%3E936/cropcenter/720x936/quality/85/src/product/image/f30d9dfe-0ad8-4e7f-8a53-fa969d114243.jpg,[온천집] 우삼겹 스키야키,18900,1팩,밀키트,703,122
1000832976,https://product-image.kurly.com/hdims/resize/%5E%3E720x%3E936/cropcenter/720x936/quality/85/src/product/image/2f8bb47f-52f2-4332-98c7-93eabfe7de2f.jpg,[윤서울] 김도윤 셰프의 인기 들기름면 3종 (택1),8270,1팩,밀키트,164,258
1001417483,https://product-image.kurly.com/hdims/resize/%5E%3E720x%3E936/cropcenter/720x936/quality/85/src/product/image/6366aa9a-8666-45c0-9ab6-3d810f7c6ec6.jpg,[훌랄라치킨] 닭다리살 숯불양념치킨 & 우동 (2인분),10350,1팩,밀키트,46,156
1000428415,https://product-image.kurly.com/hdims/resize/%5E%3E720x%3E936/cropcenter/720x936/quality/85/src/product/image/41c82dbf-5888-40d7-89fa-f899e9ebd40e.jpg,[리틀 차이나] 짬뽕 2인분,9450,1개 (2인분),밀키트,412,256
1000960210,https://product-image.kurly.com/hdims/resize/%5E%3E720x%3E936/cropcenter/720x936/quality/85/src/product/image/a0c3a29f-a2e8-48c9-951a-cca44e8250c3.jpg,[콜린스 이자카야] 오뎅나베,11900,1팩,밀키트,983,467
5131316,https://product-image.kurly.com/hdims/resize/%5E%3E720x%3E936/cropcenter/720x936/quality/85/src/product/image/66d32e01-2708-4a05-91fc-6ed5c63bcfb4.jpg,[수린] 1++ 무항생제 한우 사골 솥밥 밀키트 (2인분),18900,1팩,밀키트,993,76
1001853611,https://product-image.kurly.com/hdims/resize/%5E%3E720x%3E936/cropcenter/720x936/quality/85/src/product/image/db9e22ff-30ae-408c-aeb4-3302f52e25a7.jpg,[윤서울] 김도윤 셰프의 동태탕,9990,1팩,밀키트,81,208
5067782,https://product-image.kurly.com/hdims/resize/%5E%3E720x%3E936/cropcenter/720x936/quality/85/src/product/image/de3d9515-2f4e-46b8-a53d-54e76976174a.jpg,[마이셰프] 찹스테이크,17900,1팩,밀키트,766,156
5122964,https://product-image.kurly.com/hdims/resize/%5E%3E720x%3E936/cropcenter/720x936/quality/85/src/product/image/16ac4880-0adf-4be2-a477-dc5ac987fe19.jpeg,[마이셰프] 얼큰 미나리 샤브샤브,22900,1팩,밀키트,879,261
1001371922,https://product-image.kurly.com/hdims/resize/%5E%3E720x%3E936/cropcenter/720x936/quality/85/src/product/image/4cad475e-c4a4-4032-8f75-84f94366da78.jpg,[정지선의 티엔미미] 해물차우면,8910,1팩,밀키트,398,94
1001487713,https://product-image.kurly.com/hdims/resize/%5E%3E720x%3E936/cropcenter/720x936/quality/85/src/product/image/edfa6b36-511a-48ba-98ca-93de47b221a7.jpg,[애슐리] 베이컨 투움바 빠네 파스타,9990,1팩,밀키트,53,149
1000340591,https://product-image.kurly.com/hdims/resize/%5E%3E720x%3E936/cropcenter/720x936/quality/85/src/product/image/0634a5e8-51e8-4dcd-8b82-6f6237e8c261.jpg,[금룡각] 마라탕,15900,1팩,밀키트,409,4
1001938584,https://product-image.kurly.com/hdims/resize/%5E%3E720x%3E936/cropcenter/720x936/quality/85/src/product/image/497baa75-1955-41f5-82e9-868936a20ec7.jpg,[오봉집] 낙지 백합조개탕&칼국수,12510,1팩,밀키트,13,167
1001591089,https://product-image.kurly.com/hdims/resize/%5E%3E720x%3E936/cropcenter/720x936/quality/85/src/product/image/ce2779cf-06a5-435d-bc3e-ba3e4487179a.jpg,[신사동 포노 부오노] 히든 천재의 까르보나라 파스타,11610,1팩,밀키트,800,496
1001478289,https://product-image.kurly.com/hdims/resize/%5E%3E720x%3E936/cropcenter/720x936/quality/85/src/product/image/abddee67-589a-42e4-8770-451617b4aa7d.jpg,[서대문 평양옥] 닭칼국수 (2인분),11900,1팩,밀키트,667,306
5095790,https://product-image.kurly.com/hdims/resize/%5E%3E720x%3E936/cropcenter/720x936/quality/85/src/product/image/3513324e-3c3c-45a4-84b7-294afb0a4593.jpg,[하코야] 하카타 차슈 돈코츠라멘 (2인분),12510,1팩,밀키트,548,155
1001201054,https://product-image.kurly.com/hdims/resize/%5E%3E720x%3E936/cropcenter/720x936/quality/85/src/product/image/d9e211a3-0717-4519-944c-505ef4221abd.jpg,[니뽕내뽕] 차뽕 (차이나짬뽕),7900,1팩,밀키트,63,169
5050475,https://img-cf.kurly.com/hdims/resize/%5E%3E720x%3E936/cropcenter/720x936/quality/85/src/shop/data/goods/1585719524584l0.jpg,[하림] 닭한마리 칼국수 밀키트,13670,1팩,밀키트,756,182
1000571115,https://product-image.kurly.com/hdims/resize/%5E%3E720x%3E936/cropcenter/720x936/quality/85/src/product/image/55ad4f5e-5cf3-4b16-a77d-f1fdb8bf00b5.jpg,[하이디라오소스로 만든] 훠궈 2~3인분 (탕선택),19900,1개 (2~3인분),밀키트,689,432
1001696723,https://product-image.kurly.com/hdims/resize/%5E%3E720x%3E936/cropcenter/720x936/quality/85/src/product/image/cb12560b-7cbf-4c05-9dc5-df5db1fc3d2f.jpg,[차려낸] 국산 닭을 사용한 안동찜닭,15900,1팩,밀키트,272,499
1001803394,https://product-image.kurly.com/hdims/resize/%5E%3E720x%3E936/cropcenter/720x936/quality/85/src/product/image/6f1aa44d-5c33-4380-98ff-14895e0d12c1.jpg,[신의주 찹쌀순대] 얼큰 곱창 순대전골(2~3인분),14320,1팩,밀키트,814,443
1000417672,https://product-image.kurly.com/hdims/resize/%5E%3E720x%3E936/cropcenter/720x936/quality/85/src/product/image/658794ac-c6b3-4e32-a2d9-f961cc1933c2.jpg,[리틀 비엣남] 소고기 쌀국수 2인분,8500,1개 (2인분),밀키트,116,264
1001421845,https://product-image.kurly.com/hdims/resize/%5E%3E720x%3E936/cropcenter/720x936/quality/85/src/product/image/5e4d394c-06c8-40c1-81c9-b0ca36d70174.jpg,[산메촌] 국산콩으로 만든 콩국수 2인분 ,6240,1팩,밀키트,113,399
1000339129,https://product-image.kurly.com/hdims/resize/%5E%3E720x%3E936/cropcenter/720x936/quality/85/src/product/image/90b86693-b417-426d-8b41-a86d710af678.jpg,[마마리] 우리쌀 떡국 (2인분),12000,1팩,밀키트,772,437
1001453595,https://product-image.kurly.com/hdims/resize/%5E%3E720x%3E936/cropcenter/720x936/quality/85/src/product/image/22716ad9-7757-4de0-b968-436ab1f8532f.jpg,[오봉집] 오봉집 칼낙지 (2인분),15900,1팩,밀키트,435,393
1001436225,https://product-image.kurly.com/hdims/resize/%5E%3E720x%3E936/cropcenter/720x936/quality/85/src/product/image/4c953bf7-e60c-4f78-918b-ae52ab2b1f07.jpg,[백제원] 국내산 닭과 전복을 사용한 영양 해신탕,14235,1팩,밀키트,694,201
1000956905,https://product-image.kurly.com/hdims/resize/%5E%3E720x%3E936/cropcenter/720x936/quality/85/src/product/image/608cceae-c9b8-4a82-9beb-71998a42bf0c.jpg,[베키아에누보] 바질토마토치즈 치아바타 샌드위치 (3입),12980,1팩 (3입),샐러드/샌드위치,927,124
5066426,https://product-image.kurly.com/hdims/resize/%5E%3E720x%3E936/cropcenter/720x936/quality/85/src/product/image/5b579290-9541-4b47-b5b4-9b1d0b8c6bf4.jpg,[스윗밸런스] 오늘의 샐러드 10종 (택1),4860,1통,샐러드/샌드위치,527,416
5009669,https://product-image.kurly.com/hdims/resize/%5E%3E720x%3E936/cropcenter/720x936/quality/85/src/product/image/2d2b4e4c-3cdc-41dd-ac4d-5b084638a728.jpg?v=0531,[샐러드판다] 병 샐러드 12종 (택1),5310,1팩,샐러드/샌드위치,766,284
5072582,https://img-cf.kurly.com/hdims/resize/%5E%3E720x%3E936/cropcenter/720x936/quality/85/src/shop/data/goods/1625200740203l0.jpg,[Kurly's] 샌드위치용 달걀듬뿍 샐러드 500g,6660,1팩,샐러드/샌드위치,752,269
1001518154,https://product-image.kurly.com/hdims/resize/%5E%3E720x%3E936/cropcenter/720x936/quality/85/src/product/image/c5cb6da7-8dd4-4037-9775-f53053fbc62b.jpg,[베키아에누보] 루꼴라 발사믹 햄치즈 치아바타 샌드위치 (3입),13180,1팩 (3입),샐러드/샌드위치,555,478
5136646,https://product-image.kurly.com/hdims/resize/%5E%3E720x%3E936/cropcenter/720x936/quality/85/src/product/image/9054c282-480e-4fdd-a043-3eaaee581cbb.jpg,[샐러드판다] 샐러드 샌드위치 11종 (택1),4420,1개,샐러드/샌드위치,613,174
1000029142,https://product-image.kurly.com/hdims/resize/%5E%3E720x%3E936/cropcenter/720x936/quality/85/src/product/image/d00a19ec-9c0b-4406-8d1b-c5331c1086ec.jpg,[홍루이젠] 대만 샌드위치 3개입 3종 (택1),8600,3개,샐러드/샌드위치,959,118
1001751082,https://product-image.kurly.com/hdims/resize/%5E%3E720x%3E936/cropcenter/720x936/quality/85/src/product/image/2ef49a46-06e5-4e17-bce5-3d656d7f367a.jpg,[카페아모제] 저당 포케 샐러드 5종 (택1),7900,1팩,샐러드/샌드위치,152,42
1000893134,https://product-image.kurly.com/hdims/resize/%5E%3E720x%3E936/cropcenter/720x936/quality/85/src/product/image/4c205574-481a-44dc-b66c-2c09ab93a786.jpg,[베키아에누보] 바질모짜 치아바타 샌드위치 (3입),11682,1팩,샐러드/샌드위치,838,264
1000324420,https://product-image.kurly.com/hdims/resize/%5E%3E720x%3E936/cropcenter/720x936/quality/85/src/product/image/61255106-1bd8-40ed-bd59-e67df8157769.jpg,[샐러드판다] 그레인 볼 샐러드 4종 (택1),6900,1개,샐러드/샌드위치,637,245
5161538,https://product-image.kurly.com/hdims/resize/%5E%3E720x%3E936/cropcenter/720x936/quality/85/src/product/image/79fc23c5-60b6-4c46-884b-31bb6893367b.jpg,[소금집] 잠봉뵈르 샌드위치 ,7565,1개,샐러드/샌드위치,581,75
5042019,https://product-image.kurly.com/hdims/resize/%5E%3E720x%3E936/cropcenter/720x936/quality/85/src/product/image/3f5806b2-57cf-4f70-9132-05ae36ba6da9.jpg,[샐러드판다] 누들 샐러드 5종 (택1),5900,1통,샐러드/샌드위치,137,469
1000071994,https://product-image.kurly.com/hdims/resize/%5E%3E720x%3E936/cropcenter/720x936/quality/85/src/product/image/da3dba03-b6fc-4703-bfa5-8cfa3fe2a77a.jpg,[스윗밸런스] 샐러드랩 샌드위치 7종 (택1),4300,#NAME?,샐러드/샌드위치,935,457
5090100,https://product-image.kurly.com/hdims/resize/%5E%3E720x%3E936/cropcenter/720x936/quality/85/src/product/image/40b48995-6512-4a94-a7bf-4a01b47a04b0.jpeg,[샐러드판다] 판다의 유러피안 샐러드 믹스 3종 (택1),4900,1팩,샐러드/샌드위치,237,20
5072583,https://img-cf.kurly.com/hdims/resize/%5E%3E720x%3E936/cropcenter/720x936/quality/85/src/shop/data/goods/1648210308822l0.jpeg,[Kurly's] 샌드위치용 달걀감자 샐러드 500g,6660,1팩,샐러드/샌드위치,691,53
1000028557,https://product-image.kurly.com/hdims/resize/%5E%3E720x%3E936/cropcenter/720x936/quality/85/src/product/image/b61542a9-2aff-4c0e-9e7f-0bcd228cd204.jpg,[피그인더가든] 시그니처 보울 샐러드 6종 (택1),6500,1개,샐러드/샌드위치,663,337
1000268088,https://product-image.kurly.com/hdims/resize/%5E%3E720x%3E936/cropcenter/720x936/quality/85/src/product/image/6a555537-a7ef-4f5f-8982-d85a60976f50.jpg,"[어게인리프레쉬] 샐러드 8종 (택1, 리뉴얼)",5900,1팩,샐러드/샌드위치,518,113
1000029138,https://product-image.kurly.com/hdims/resize/%5E%3E720x%3E936/cropcenter/720x936/quality/85/src/product/image/00aa6b63-fedf-4baa-8894-418054bbf400.jpg,[홍루이젠] 에그마요 샌드위치 2개입 3종 (택1),6800,2개,샐러드/샌드위치,785,134
5067176,https://img-cf.kurly.com/hdims/resize/%5E%3E720x%3E936/cropcenter/720x936/quality/85/src/shop/data/goods/1612747949466l0.jpg,[도제식빵] 리코타 치즈 딸기 산도 (시즌한정),6210,1개,샐러드/샌드위치,903,133
1001980020,https://product-image.kurly.com/hdims/resize/%5E%3E720x%3E936/cropcenter/720x936/quality/85/src/product/image/ab187d13-20f8-4489-acdb-23f61348a1d9.jpg,[베키아에누보]  비프치즈 치아바타 샌드위치 (3입),12132,1팩(3입),샐러드/샌드위치,433,320
1000483511,https://product-image.kurly.com/hdims/resize/%5E%3E720x%3E936/cropcenter/720x936/quality/85/src/product/image/2f02fcab-bc83-40bd-ace8-24877b77cc61.jpg,[바름팜] 친환경 채소믹스 샐러드 500g(250g*2봉),6990,2팩,샐러드/샌드위치,154,358
1000420905,https://product-image.kurly.com/hdims/resize/%5E%3E720x%3E936/cropcenter/720x936/quality/85/src/product/image/0459fc74-75ab-4408-a3b3-93394131705a.jpg,[샐러드판다] 모닝빵 샌드위치 (2입) 3종,6000,1팩,샐러드/샌드위치,723,369
1000124092,https://product-image.kurly.com/hdims/resize/%5E%3E720x%3E936/cropcenter/720x936/quality/85/src/product/image/b4627b6b-082c-4cee-ad14-4c980f21c220.jpg,"[샐러딩] 샐러드 11종 (리뉴얼, 택1)",6210,1개,샐러드/샌드위치,836,55
5036683,https://img-cf.kurly.com/hdims/resize/%5E%3E720x%3E936/cropcenter/720x936/quality/85/src/shop/data/goods/1557464509392l0.jpg,[도제식빵] 타마고산도,5310,1개,샐러드/샌드위치,759,96
1000052835,https://product-image.kurly.com/hdims/resize/%5E%3E720x%3E936/cropcenter/720x936/quality/85/src/product/image/692d3bd3-809f-49df-8c0b-98bc686f5d04.jpg,[메이티엔] 대만 샌드위치 3종 (4개입),9900,1팩,샐러드/샌드위치,601,41
5005456,https://img-cf.kurly.com/hdims/resize/%5E%3E720x%3E936/cropcenter/720x936/quality/85/src/shop/data/goods/148429633150l0.jpg?v=0531,[콜린스 다이닝] 콩샐러드,8330,팩,샐러드/샌드위치,516,335
1001879493,https://product-image.kurly.com/hdims/resize/%5E%3E720x%3E936/cropcenter/720x936/quality/85/src/product/image/9c8d02ad-0ea8-4119-b44e-dd37d420f350.jpg,[스윗밸런스] 데워먹는 온샐러드 4종 (택1),6900,1개,샐러드/샌드위치,158,280
1000452147,https://product-image.kurly.com/hdims/resize/%5E%3E720x%3E936/cropcenter/720x936/quality/85/src/product/image/52f378a9-093e-4fb2-9f6e-3eaa2d53fc79.jpg,[스웰리] 골라 먹는 샌드위치 6종 (택1),4500,1팩,샐러드/샌드위치,140,229
1000088600,https://product-image.kurly.com/hdims/resize/%5E%3E720x%3E936/cropcenter/720x936/quality/85/src/product/image/477dd7df-d371-4c3e-a3a9-066458d59eb5.jpg,[콜린스 다이닝] 문어 세비체,13500,1통,샐러드/샌드위치,623,102
5159646,https://product-image.kurly.com/hdims/resize/%5E%3E720x%3E936/cropcenter/720x936/quality/85/src/product/image/d0b013b1-4059-4b84-92ca-3d85b5b5964e.jpg,[루앙] 대만 샌드위치(2개입) 3종,5000,1박스,샐러드/샌드위치,167,88
1000071849,https://product-image.kurly.com/hdims/resize/%5E%3E720x%3E936/cropcenter/720x936/quality/85/src/product/image/4c9876e5-9bd4-4ea5-aee2-e7c7f69d7bbd.jpg,[샐러드판다] 판다의 카프레제 샐러드,8900,1팩,샐러드/샌드위치,663,430
1001549089,https://product-image.kurly.com/hdims/resize/%5E%3E720x%3E936/cropcenter/720x936/quality/85/src/product/image/4727ee15-c4a0-4c27-aeb5-9c2cd21f8380.jpg,[콜린스 다이닝] 지중해식 샐러드&차지키 소스,7900,1팩,샐러드/샌드위치,574,136
1000443687,https://product-image.kurly.com/hdims/resize/%5E%3E720x%3E936/cropcenter/720x936/quality/85/src/product/image/4523f537-ccbc-4374-9190-f2c4a3e1aa0e.jpg,이탈리안 루꼴라 샐러드믹스 2종,4990,1팩,샐러드/샌드위치,801,419
1001980018,https://product-image.kurly.com/hdims/resize/%5E%3E720x%3E936/cropcenter/720x936/quality/85/src/product/image/ff686c2f-b3c4-490f-99ae-8c17cb3b07ee.jpg,[베키아에누보] 베이컨 할라피뇨 바게트 샌드위치 (3입),12132,1팩(3입),샐러드/샌드위치,232,140
5095233,https://product-image.kurly.com/hdims/resize/%5E%3E720x%3E936/cropcenter/720x936/quality/85/src/product/image/3ace6911-5468-4a1c-8ebe-7194b915a09d.jpg,[세끼판다] 샐러드판다의 삼시세끼 샐러드 10종 (택1),5200,1통,샐러드/샌드위치,410,70
1001980022,https://product-image.kurly.com/hdims/resize/%5E%3E720x%3E936/cropcenter/720x936/quality/85/src/product/image/1e856e98-347e-470a-a6ff-9d4a1420315d.jpg,[베키아에누보] 페퍼로니햄 치즈 치아바타 샌드위치 (3입),11322,1팩(3입),샐러드/샌드위치,82,348
1000893136,https://product-image.kurly.com/hdims/resize/%5E%3E720x%3E936/cropcenter/720x936/quality/85/src/product/image/cb1da9eb-20cf-4bac-bbed-ec20db1cb557.jpg,[베키아에누보] 클래식 햄치즈 크루아상 샌드위치 (3입),12580,1개,샐러드/샌드위치,171,240
1000623118,https://product-image.kurly.com/hdims/resize/%5E%3E720x%3E936/cropcenter/720x936/quality/85/src/product/image/1926be8b-1299-4fa8-bf11-ae70395e82be.jpg,[아이엠베이글] 시그니처 베이글 샌드위치 2종,7800,1팩,샐러드/샌드위치,46,223
1001544812,https://product-image.kurly.com/hdims/resize/%5E%3E720x%3E936/cropcenter/720x936/quality/85/src/product/image/472f59ce-c615-486d-b15a-fcca5f31450a.jpg,[샐러드판다] 두유면 샐러드 3종(택1),6500,1팩,샐러드/샌드위치,7,43
1001032891,https://product-image.kurly.com/hdims/resize/%5E%3E720x%3E936/cropcenter/720x936/quality/85/src/product/image/3969e6e6-8af2-442e-b12e-19584a4161a8.jpg,[툭툭누들타이] 쏨땀,9260,1팩,샐러드/샌드위치,821,305
1001544807,https://product-image.kurly.com/hdims/resize/%5E%3E720x%3E936/cropcenter/720x936/quality/85/src/product/image/74ebeba5-5bb3-4a85-8dea-3a56b0835a39.jpg,[샐러드판다] 쉬라즈 샐러드 3종 (택1),5100,1팩,샐러드/샌드위치,364,480
5006360,https://img-cf.kurly.com/hdims/resize/%5E%3E720x%3E936/cropcenter/720x936/quality/85/src/shop/data/goods/149507097276l0.jpg?v=0531,[콜린스 다이닝] 슈퍼 곡물 샐러드,7900,1팩,샐러드/샌드위치,239,39
1002002252,https://product-image.kurly.com/hdims/resize/%5E%3E720x%3E936/cropcenter/720x936/quality/85/src/product/image/9c043c2d-7df6-4b8d-8d0a-c5684535f6c5.jpg,[샐러드판다] 슬로우 샐러드 4종 (택1),6900,1개,샐러드/샌드위치,884,473
5093944,https://img-cf.kurly.com/hdims/resize/%5E%3E720x%3E936/cropcenter/720x936/quality/85/src/shop/data/goods/1636693360777l0.jpg,[콜린스 다이닝] 문어감자 샐러드,10500,1개,샐러드/샌드위치,938,256
1001847697,https://product-image.kurly.com/hdims/resize/%5E%3E720x%3E936/cropcenter/720x936/quality/85/src/product/image/24e1880d-b546-4381-8581-34ecf4f75978.jpg,[콜린스 다이닝] 구운채소 닭가슴살 샐러드,7900,1팩,샐러드/샌드위치,855,46
1001929735,https://product-image.kurly.com/hdims/resize/%5E%3E720x%3E936/cropcenter/720x936/quality/85/src/product/image/10a721c4-cffc-4200-bfa2-f1f4f0ef2ca0.jpg,[조선델리] 에그베이컨 브리오슈 샌드위치 (2입),8910,1팩(2입),샐러드/샌드위치,136,225
1001847693,https://product-image.kurly.com/hdims/resize/%5E%3E720x%3E936/cropcenter/720x936/quality/85/src/product/image/e22f565c-5812-4fe6-9485-1aa1a25c85fb.jpg,[콜린스 다이닝] 렌틸콩 페타치즈 샐러드 ,7900,1팩,샐러드/샌드위치,752,379
5072943,https://product-image.kurly.com/hdims/resize/%5E%3E720x%3E936/cropcenter/720x936/quality/85/src/product/image/0ff922d7-5485-45e7-8395-c92daf86140a.jpg,[샐러드판다] 판다의 부라타치즈 샐러드,7900,1팩,샐러드/샌드위치,140,394
5144684,https://img-cf.kurly.com/hdims/resize/%5E%3E720x%3E936/cropcenter/720x936/quality/85/src/shop/data/goods/1657610928590l0.jpg,[마마리] 바질페스토 파스타 샐러드,6696,1개,샐러드/샌드위치,868,344
1000243875,https://product-image.kurly.com/hdims/resize/%5E%3E720x%3E936/cropcenter/720x936/quality/85/src/product/image/053089bc-b764-4a95-a0a8-4e12bcb2aa38.jpg,[어리틀빗] 웜그레인 샐러드 9종 (택1),5900,1통,샐러드/샌드위치,772,109
1001847695,https://product-image.kurly.com/hdims/resize/%5E%3E720x%3E936/cropcenter/720x936/quality/85/src/product/image/7e468f32-86f3-4fe0-a644-64e9cc1dbd57.jpg,[콜린스 다이닝] 파로 쉬라즈 샐러드,7900,1팩,샐러드/샌드위치,432,141
1000435915,https://product-image.kurly.com/hdims/resize/%5E%3E720x%3E936/cropcenter/720x936/quality/85/src/product/image/a131c4a5-533b-4e05-8bab-87cab8982c1e.jpg,[요고델리] 페스트리 샌드위치 3종,5800,1팩,샐러드/샌드위치,109,152
1000973671,https://product-image.kurly.com/hdims/resize/%5E%3E720x%3E936/cropcenter/720x936/quality/85/src/product/image/aecc29e4-a2ce-42cc-87ec-d92b8c8dc180.jpg,[스윗밸런스] 타코랩 8종,3900,1개,샐러드/샌드위치,133,332
5067178,https://img-cf.kurly.com/hdims/resize/%5E%3E720x%3E936/cropcenter/720x936/quality/85/src/shop/data/goods/1612748666750l0.jpg,[도제식빵] 리코타 치즈 윈터 후르츠 산도 (시즌한정),6900,1개,샐러드/샌드위치,209,120
1000623112,https://product-image.kurly.com/hdims/resize/%5E%3E720x%3E936/cropcenter/720x936/quality/85/src/product/image/4407831c-3c87-4b70-ad69-b47946870fd1.jpg,[샐러드판다] 판다의 샐러드 파스타 3종 (택1),7300,1개,샐러드/샌드위치,312,288
5052873,https://img-cf.kurly.com/hdims/resize/%5E%3E720x%3E936/cropcenter/720x936/quality/85/src/shop/data/goods/1591164831531l0.jpg,[미자언니네] 흑임자 연근샐러드,4840,1팩,샐러드/샌드위치,674,295
1001176488,https://product-image.kurly.com/hdims/resize/%5E%3E720x%3E936/cropcenter/720x936/quality/85/src/product/image/8fb387eb-3737-4d33-b32f-db9acc29a5d7.jpg,[소금집] 잠봉 선드라이드 토마토 샌드위치,9200,1개,샐러드/샌드위치,35,353
5153200,https://product-image.kurly.com/hdims/resize/%5E%3E720x%3E936/cropcenter/720x936/quality/85/src/product/image/dc64b4c9-3823-46b6-ab90-45298c65c956.jpg,[스윗밸런스] 시그니처 샐러드 3종 (택1),5310,1개,샐러드/샌드위치,562,456
5042318,https://img-cf.kurly.com/hdims/resize/%5E%3E720x%3E936/cropcenter/720x936/quality/85/src/shop/data/goods/1572324205916l0.jpg,[쉐푸드] B.E.L.T 샌드위치 & 닭가슴살 흑임자 샌드위치 (택1),4900,1팩,샐러드/샌드위치,296,496
5093551,https://img-cf.kurly.com/hdims/resize/%5E%3E720x%3E936/cropcenter/720x936/quality/85/src/shop/data/goods/1636434205975l0.jpg,[콜린스 다이닝] 구운 채소 샐러드,8400,1개,샐러드/샌드위치,314,230
5036684,https://img-cf.kurly.com/hdims/resize/%5E%3E720x%3E936/cropcenter/720x936/quality/85/src/shop/data/goods/1557464684408l0.jpg,[도제식빵] 가츠산도,7300,1개,샐러드/샌드위치,477,141
1001626106,https://product-image.kurly.com/hdims/resize/%5E%3E720x%3E936/cropcenter/720x936/quality/85/src/product/image/dee8a61d-fc89-4d2a-86e4-c76527bcfa9a.jpg,[미자언니네] 달걀 듬뿍 샐러드,5800,1팩,샐러드/샌드위치,442,178
1001343969,https://product-image.kurly.com/hdims/resize/%5E%3E720x%3E936/cropcenter/720x936/quality/85/src/product/image/a6449410-c1f9-44e8-894e-a31557af35a7.jpg,[도리깨침] 7가지 채소찜 시즌 1 (2인분/저당소스 포함),10900,1팩,샐러드/샌드위치,203,281
5060528,https://product-image.kurly.com/hdims/resize/%5E%3E720x%3E936/cropcenter/720x936/quality/85/src/product/image/d130b980-e60e-4019-8c5f-7342df19f26a.jpg,[피그인더가든] 프레쉬믹스 베이직샐러드,2190,1통,샐러드/샌드위치,19,197
1000552441,https://product-image.kurly.com/hdims/resize/%5E%3E720x%3E936/cropcenter/720x936/quality/85/src/product/image/3f7b5c48-4c77-4020-bec9-e701d50bfc3e.jpg,[쉐푸드] 간편 샌드위치 5종,3290,1개,샐러드/샌드위치,431,58
1000324415,https://product-image.kurly.com/hdims/resize/%5E%3E720x%3E936/cropcenter/720x936/quality/85/src/product/image/00b10fd6-38ff-4a4f-bf98-17006a62001d.jpg,[스윗밸런스] 곡물빵 샌드위치 3종,6400,1팩,샐러드/샌드위치,718,168
5031946,https://img-cf.kurly.com/hdims/resize/%5E%3E720x%3E936/cropcenter/720x936/quality/85/src/shop/data/goods/1544516512451l0.jpg,[미자언니네] 감자달걀 샐러드,5500,1팩,샐러드/샌드위치,731,332
1000268045,https://product-image.kurly.com/hdims/resize/%5E%3E720x%3E936/cropcenter/720x936/quality/85/src/product/image/7b526b63-ef89-4db6-b905-f463d3ec3508.jpg,[피그인더가든] 미니 샐러드 6종 (택1),3790,1팩,샐러드/샌드위치,639,478
1000330503,https://product-image.kurly.com/hdims/resize/%5E%3E720x%3E936/cropcenter/720x936/quality/85/src/product/image/8c38c23e-87d2-4105-9dfd-2d6a212690a2.jpg,[쉐푸드] 샐러드바 홈샐러드,6190,1팩,샐러드/샌드위치,557,345
5082820,https://img-cf.kurly.com/hdims/resize/%5E%3E720x%3E936/cropcenter/720x936/quality/85/src/shop/data/goods/1630383803417l0.jpg,[콜린스 다이닝] 문어 보리 샐러드,8900,1통,샐러드/샌드위치,406,348
5042450,https://img-cf.kurly.com/hdims/resize/%5E%3E720x%3E936/cropcenter/720x936/quality/85/src/shop/data/goods/1572336786396l0.jpg,[도제식빵] 통새우산도,6900,1개,샐러드/샌드위치,408,151
1001695452,https://product-image.kurly.com/hdims/resize/%5E%3E720x%3E936/cropcenter/720x936/quality/85/src/product/image/750459ca-8ab1-4a0f-87ff-a02fa6f0f40e.jpg,[Kurly's] 샌드위치용 달걀 참치 샐러드 500g,7980,1팩,샐러드/샌드위치,781,119
1001343973,https://product-image.kurly.com/hdims/resize/%5E%3E720x%3E936/cropcenter/720x936/quality/85/src/product/image/ab157f4f-6741-4465-9d66-bda8c36113cd.jpg,[도리깨침] 7가지 채소찜 시즌 2 (2인분/저당소스 포함),10900,1팩,샐러드/샌드위치,463,161
1000430184,https://product-image.kurly.com/hdims/resize/%5E%3E720x%3E936/cropcenter/720x936/quality/85/src/product/image/9bb746f6-d3ca-448b-96ae-8eca2a878199.jpg,[미아논나] 당근라페 200g,5900,1개,샐러드/샌드위치,123,188
5151626,https://img-cf.kurly.com/hdims/resize/%5E%3E720x%3E936/cropcenter/720x936/quality/85/src/shop/data/goods/1656395961932l0.jpg,[피그인더가든] 에그마요 스쿱샐러드 400g,6990,400g,샐러드/샌드위치,279,346
1001959618,https://product-image.kurly.com/hdims/resize/%5E%3E720x%3E936/cropcenter/720x936/quality/85/src/product/image/37dd71a6-8634-4742-9581-899446467e18.jpg,[샐러디] 바질&토마토 통밀 가득 치아바타 샌드위치 (2입),9990,1팩 (2입),샐러드/샌드위치,720,322
1000747049,https://product-image.kurly.com/hdims/resize/%5E%3E720x%3E936/cropcenter/720x936/quality/85/src/product/image/ce91f960-43ce-4b12-b215-40630722f578.jpg,[소금집] 잠봉 프로마쥬 샌드위치,9200,1개,샐러드/샌드위치,155,17
1000316166,https://product-image.kurly.com/hdims/resize/%5E%3E720x%3E936/cropcenter/720x936/quality/85/src/product/image/216a61bb-bc2a-4f70-90d5-5e304054239b.jpg,[그녀의빵공장] 소금빵 잠봉뵈르 샌드위치,6900,1개,샐러드/샌드위치,864,59
1000524683,https://product-image.kurly.com/hdims/resize/%5E%3E720x%3E936/cropcenter/720x936/quality/85/src/product/image/10886b2b-d8f2-47d0-8e90-e39c716fe74e.jpg,[도제식빵] 리코타 치즈 생크림 산도,4900,1개,샐러드/샌드위치,478,455
1000763353,https://product-image.kurly.com/hdims/resize/%5E%3E720x%3E936/cropcenter/720x936/quality/85/src/product/image/0a7715ab-b834-4b07-90ab-51698b26b508.jpg,[집반찬연구소] 양념 꼬막 비빔밥,11730,1팩,샐러드/샌드위치,41,323
5067010,https://img-cf.kurly.com/hdims/resize/%5E%3E720x%3E936/cropcenter/720x936/quality/85/src/shop/data/goods/1612852010678l0.jpg,[블랑제리코팡] 바게트 샌드위치,5900,1개,샐러드/샌드위치,206,396
1000916614,https://product-image.kurly.com/hdims/resize/%5E%3E720x%3E936/cropcenter/720x936/quality/85/src/product/image/ad405b5b-2f67-48a6-a40c-2ca27b01634e.jpg,[샐러드판다] 랩 3종 (택1),4200,1개,샐러드/샌드위치,262,447
5100704,https://img-cf.kurly.com/hdims/resize/%5E%3E720x%3E936/cropcenter/720x936/quality/85/src/shop/data/goods/1639720642631l0.jpg,[삼립] 몬테크리스토 토스트 (3개입),12000,"총 540g (각 180g, 3개입)",샐러드/샌드위치,498,283
1001626108,https://product-image.kurly.com/hdims/resize/%5E%3E720x%3E936/cropcenter/720x936/quality/85/src/product/image/a1f86a6c-a04d-4721-ab82-3e78565caf33.jpg,[미자언니네] 으깬 감자 샐러드,5800,1팩,샐러드/샌드위치,522,486
1001770012,https://product-image.kurly.com/hdims/resize/%5E%3E720x%3E936/cropcenter/720x936/quality/85/src/product/image/fb12bcc9-cac1-4722-80b1-3b107381318f.jpg,[스윗밸런스] 멕시칸 브리또볼 샐러드 3종 (택1),6900,#NAME?,샐러드/샌드위치,288,303
1001610764,https://product-image.kurly.com/hdims/resize/%5E%3E720x%3E936/cropcenter/720x936/quality/85/src/product/image/f1492d77-321f-498b-9c4a-fc1e27255730.jpg,[스윗밸런스] 샐러드랩 파티팩,9900,1팩,샐러드/샌드위치,580,216
5044581,https://img-cf.kurly.com/hdims/resize/%5E%3E720x%3E936/cropcenter/720x936/quality/85/src/shop/data/goods/1647589086664l0.jpg,[저스트그린] 리코타 하비스트 샐러드 285g,7800,1팩 ,샐러드/샌드위치,524,417
1000632691,https://product-image.kurly.com/hdims/resize/%5E%3E720x%3E936/cropcenter/720x936/quality/85/src/product/image/24f604c3-3c5a-4c1f-9e0b-05b5f1c92d8d.jpg,[리틀 비엣남] 마라 소고기 쌀국수,5800,1개 (1인분),샐러드/샌드위치,417,454
5060529,https://product-image.kurly.com/hdims/resize/%5E%3E720x%3E936/cropcenter/720x936/quality/85/src/product/image/8815eef3-f3a5-4a24-8c04-6875987d9835.jpg,[피그인더가든] 데일리믹스 베이직샐러드,2190,1통,샐러드/샌드위치,820,32
5082821,https://img-cf.kurly.com/hdims/resize/%5E%3E720x%3E936/cropcenter/720x936/quality/85/src/shop/data/goods/1630386341404l0.jpg,[콜린스 다이닝] 칠리 보리 부리또 샐러드,7200,1통,샐러드/샌드위치,191,72
1001959616,https://product-image.kurly.com/hdims/resize/%5E%3E720x%3E936/cropcenter/720x936/quality/85/src/product/image/49b22951-5232-44ef-9bb1-3ecece10bc70.jpg,[샐러디] 할라피뇨&애플잼 통밀 가득 치아바타 샌드위치 (2입),9990,1팩 (2입),샐러드/샌드위치,2,320
1000029129,https://product-image.kurly.com/hdims/resize/%5E%3E720x%3E936/cropcenter/720x936/quality/85/src/product/image/9a5f9f8b-c8a3-41ff-9f58-ed055aca4cc6.jpg,[홍루이젠] 갓군샌 샌드위치 2개입 2종 (택1),7900,2개,샐러드/샌드위치,680,29
1000618197,https://product-image.kurly.com/hdims/resize/%5E%3E720x%3E936/cropcenter/720x936/quality/85/src/product/image/a8f8e5f3-ebae-4adf-8e57-6d73e4281999.jpg,[진가네반찬] 추억의 도시락 반찬 세트,8277,1묶음 (2팩),샐러드/샌드위치,314,397
1001484194,https://product-image.kurly.com/hdims/resize/%5E%3E720x%3E936/cropcenter/720x936/quality/85/src/product/image/76465149-12a9-4f6b-be5e-dd579ee09fd6.jpg,[콜린스 다이닝] 후무스 샐러드 2종,7900,1개,샐러드/샌드위치,12,79
1000970247,https://product-image.kurly.com/hdims/resize/%5E%3E720x%3E936/cropcenter/720x936/quality/85/src/product/image/fe67955b-bac5-42e1-9ec6-b1095c4328ad.jpg,[샐러드판다] 부라타 햄 치아바타 샌드위치,8200,1개,샐러드/샌드위치,991,168
5050290,https://product-image.kurly.com/hdims/resize/%5E%3E720x%3E936/cropcenter/720x936/quality/85/src/product/image/13d061a1-df1f-4e36-a676-03f687036cb1.jpeg?v=0531,춘천 국물 닭갈비 떡볶이,12927,1팩,분식,394,356
1001422945,https://product-image.kurly.com/hdims/resize/%5E%3E720x%3E936/cropcenter/720x936/quality/85/src/product/image/e760886c-062a-4042-936d-743005b9d152.jpg,옛날 떡볶이,4360,1팩,분식,232,399
1000102474,https://product-image.kurly.com/hdims/resize/%5E%3E720x%3E936/cropcenter/720x936/quality/85/src/product/image/2ba98cac-6026-4393-aac8-609d49d10b76.jpg,오리지널 떡볶이 1봉/2봉(택1),5600,"1팩, 2팩 중 택1",분식,393,258
1000166206,https://product-image.kurly.com/hdims/resize/%5E%3E720x%3E936/cropcenter/720x936/quality/85/src/product/image/d53d208b-a180-4599-b960-7af513f3af1f.jpg,99치킨 콤보 (윙&봉),9900,1팩,분식,441,424
5119349,https://img-cf.kurly.com/hdims/resize/%5E%3E720x%3E936/cropcenter/720x936/quality/85/src/shop/data/goods/1647244459401l0.jpg,진짜 부산 떡볶이 322g,6900,1팩,분식,237,409
5031703,https://product-image.kurly.com/hdims/resize/%5E%3E720x%3E936/cropcenter/720x936/quality/85/src/product/image/61e5e11f-0452-43a7-8566-1c055dbe2d00.jpg,슈퍼크런치 치킨텐더,6849,1팩,분식,896,471
1001404824,https://product-image.kurly.com/hdims/resize/%5E%3E720x%3E936/cropcenter/720x936/quality/85/src/product/image/0b22d12d-eca3-444f-9a45-24128dbd6609.jpg,허니버터 치즈스틱 395g,7190,1팩,분식,790,419
1001882320,https://product-image.kurly.com/hdims/resize/%5E%3E720x%3E936/cropcenter/720x936/quality/85/src/product/image/815de19d-966b-4a55-be8e-56e558fc0f52.jpg,바삭하고 쫄깃한 한돈등심탕수육,8300,1팩,분식,211,41
5037794,https://product-image.kurly.com/hdims/resize/%5E%3E720x%3E936/cropcenter/720x936/quality/85/src/product/image/a62b7e69-c17a-4f0d-b4b1-8fd7ec839ccb.jpg,한입아삭 김치전,8500,1봉,분식,748,194
1000078041,https://product-image.kurly.com/hdims/resize/%5E%3E720x%3E936/cropcenter/720x936/quality/85/src/product/image/65958d6e-65dc-43d4-9ced-dde1c027166d.jpg,두 마리 99치킨 (에어프라이어용),9900,1봉,분식,412,29
1000172175,https://product-image.kurly.com/hdims/resize/%5E%3E720x%3E936/cropcenter/720x936/quality/85/src/product/image/552a6de2-1fb1-48f0-91b3-6174420080d5.jpeg,어묵 물떡 꼬치 10개입,8280,1팩,분식,133,478
1000974537,https://product-image.kurly.com/hdims/resize/%5E%3E720x%3E936/cropcenter/720x936/quality/85/src/product/image/84026dd8-5a53-4357-a522-26719819e09e.jpg,허니버터 회오리감자 (5개입),8500,1팩,분식,162,19
5069883,https://product-image.kurly.com/hdims/resize/%5E%3E720x%3E936/cropcenter/720x936/quality/85/src/product/image/deb41eee-ba97-4585-a368-d7029127f5d3.jpeg,치킨너겟 850g,13550,1봉,분식,698,472
1001503316,https://product-image.kurly.com/hdims/resize/%5E%3E720x%3E936/cropcenter/720x936/quality/85/src/product/image/916bcf4f-f0cc-498e-86d5-eb47c0a04397.jpg,프리미엄 멘보샤 (리뉴얼),11815,1팩,분식,809,250
5051972,https://product-image.kurly.com/hdims/resize/%5E%3E720x%3E936/cropcenter/720x936/quality/85/src/product/image/99b9dabd-2d20-4e24-aa07-a493c0cfb774.jpeg,오리지널 통살치킨,9900,1팩,분식,704,341
1001929136,https://product-image.kurly.com/hdims/resize/%5E%3E720x%3E936/cropcenter/720x936/quality/85/src/product/image/89694102-af84-4082-ada7-4692cfb80f04.jpg,꿔바로우,8910,"1개 (꿔바로우 300g, 소스 150g)",분식,481,491
1000655190,https://product-image.kurly.com/hdims/resize/%5E%3E720x%3E936/cropcenter/720x936/quality/85/src/product/image/891de406-834f-4c33-8a8c-0c280ffbf58f.jpg,즉석 떡볶기,8720,1팩,분식,522,346
5121291,https://product-image.kurly.com/hdims/resize/%5E%3E720x%3E936/cropcenter/720x936/quality/85/src/product/image/f67a5673-09b6-4373-91a4-2307591c7908.jpg,더 바삭한 닭강정 2종,8490,1봉,분식,617,414
5069882,https://product-image.kurly.com/hdims/resize/%5E%3E720x%3E936/cropcenter/720x936/quality/85/src/product/image/56691907-9b16-488c-830a-9e7a6b5aae5e.jpg,용가리 치킨 850g,13800,1봉,분식,643,291
5057159,https://img-cf.kurly.com/hdims/resize/%5E%3E720x%3E936/cropcenter/720x936/quality/85/src/shop/data/goods/1653036924291l0.jpeg,"간편하게 바삭, 새우까스",5780,1팩,분식,685,441
5116450,https://img-cf.kurly.com/hdims/resize/%5E%3E720x%3E936/cropcenter/720x936/quality/85/src/shop/data/goods/1646963339667l0.jpg,떡볶이 (2~3인분),8400,1봉,분식,724,397
1001766073,https://product-image.kurly.com/hdims/resize/%5E%3E720x%3E936/cropcenter/720x936/quality/85/src/product/image/2591006f-53cb-48ca-b5af-5793f884148d.jpg,추억의 라볶이,6990,1팩,분식,141,284
5054960,https://img-cf.kurly.com/hdims/resize/%5E%3E720x%3E936/cropcenter/720x936/quality/85/src/shop/data/goods/1656061856259l0.jpg,"간편하게 바삭, 통등심 돈까스",5890,1팩,분식,506,493
1000342044,https://product-image.kurly.com/hdims/resize/%5E%3E720x%3E936/cropcenter/720x936/quality/85/src/product/image/e6eba9b8-1436-4cc3-94cf-23a6ce516b97.jpg,어묵 떡볶이,6500,1팩,분식,7,228
1000347099,https://product-image.kurly.com/hdims/resize/%5E%3E720x%3E936/cropcenter/720x936/quality/85/src/product/image/4decce13-62f3-45b7-929c-0ed409e9893a.jpg,치즈 쭈욱 떡볶이,7000,1팩,분식,857,290
1000128822,https://product-image.kurly.com/hdims/resize/%5E%3E720x%3E936/cropcenter/720x936/quality/85/src/product/image/f3575442-22d2-4375-acad-1cd4e8a1cf37.jpg,떡볶이 1봉/2봉 (맵기선택),5980,1팩,분식,763,236
1001415117,https://product-image.kurly.com/hdims/resize/%5E%3E720x%3E936/cropcenter/720x936/quality/85/src/product/image/637e7895-af69-4df5-b6d8-a46d253b5937.jpg,이가네 떡볶이,7490,1팩,분식,840,191
1000811956,https://product-image.kurly.com/hdims/resize/%5E%3E720x%3E936/cropcenter/720x936/quality/85/src/product/image/8fbae539-667c-40d6-be75-a0484691112c.jpg,칠리새우 500g,10810,1팩,분식,698,233
5010898,https://product-image.kurly.com/hdims/resize/%5E%3E720x%3E936/cropcenter/720x936/quality/85/src/product/image/9e29dc48-f9a9-44db-80b0-5c503b0ce405.jpg,크리스피 너겟,6980,1팩,분식,677,349
1000347944,https://product-image.kurly.com/hdims/resize/%5E%3E720x%3E936/cropcenter/720x936/quality/85/src/product/image/5ba8f2fb-7044-4d12-98cc-4fc245b4e028.jpg,버팔로 윙 골드 1kg,18900,1팩,분식,229,243
1000875611,https://product-image.kurly.com/hdims/resize/%5E%3E720x%3E936/cropcenter/720x936/quality/85/src/product/image/8a82ce1b-1e58-4c1d-b8c1-8f9d17532468.jpg,쫀득한 떡구이 떡볶이 4종 (택1),5850,1개,분식,969,36
1001174637,https://product-image.kurly.com/hdims/resize/%5E%3E720x%3E936/cropcenter/720x936/quality/85/src/product/image/ed0af1a9-f1df-444d-93f3-15cd64cbf877.jpg,김말이 500g,4980,1팩,분식,74,102
5026079,https://img-cf.kurly.com/hdims/resize/%5E%3E720x%3E936/cropcenter/720x936/quality/85/src/shop/data/goods/1648210376898l0.jpeg,맛고 순대 2종(냉장),5605,1개,분식,138,314
5031377,https://img-cf.kurly.com/hdims/resize/%5E%3E720x%3E936/cropcenter/720x936/quality/85/src/shop/data/goods/1646294153301l0.jpg,국떡 2종,6500,1팩,분식,456,375
5105537,https://product-image.kurly.com/hdims/resize/%5E%3E720x%3E936/cropcenter/720x936/quality/85/src/product/image/79af26e5-312b-4198-a113-48164c5003e7.jpeg,눈꽃치즈 춘천 닭갈비 떡볶이,14500,1팩,분식,513,418
1000921635,https://product-image.kurly.com/hdims/resize/%5E%3E720x%3E936/cropcenter/720x936/quality/85/src/product/image/a4906549-38b2-4d9a-808f-2289747824bb.jpg,바삭튀긴 통새우 튀김 300g,6900,1팩,분식,702,312
1000811958,https://product-image.kurly.com/hdims/resize/%5E%3E720x%3E936/cropcenter/720x936/quality/85/src/product/image/b82031a8-5a0c-4f29-994c-6f2bb376fea4.jpg,크림새우 380g,10355,1팩,분식,413,279
1001512083,https://product-image.kurly.com/hdims/resize/%5E%3E720x%3E936/cropcenter/720x936/quality/85/src/product/image/9b689a44-519a-4f98-99d4-fc418196197a.jpg,인기 순대볶음 2종 (택1),12665,1팩,분식,720,93
1000189809,https://product-image.kurly.com/hdims/resize/%5E%3E720x%3E936/cropcenter/720x936/quality/85/src/product/image/4d31d6e8-4337-45c1-a95f-3f7e9ad9af95.jpg,치킨가라아게 2종 (택1),7900,1팩,분식,973,278
5064015,https://img-cf.kurly.com/hdims/resize/%5E%3E720x%3E936/cropcenter/720x936/quality/85/src/shop/data/goods/1622531502246l0.jpg,"간편하게 바삭, 야채 김말이",3900,1팩,분식,163,486
1001634931,https://product-image.kurly.com/hdims/resize/%5E%3E720x%3E936/cropcenter/720x936/quality/85/src/product/image/b02dcb1a-ad15-4e14-9e7c-584a689dddd8.jpg,차돌 떡볶이,11920,1팩,분식,220,199
1000443579,https://product-image.kurly.com/hdims/resize/%5E%3E720x%3E936/cropcenter/720x936/quality/85/src/product/image/a409be8d-99ef-4420-b78f-ac7aa173da92.jpg,우리 사과 떡볶이 2종,5865,1팩,분식,528,362
1000264850,https://product-image.kurly.com/hdims/resize/%5E%3E720x%3E936/cropcenter/720x936/quality/85/src/product/image/b24e977e-065f-4436-8de2-39c6e5d66793.jpg,떡꼬치,4900,1팩,분식,328,382
1000270029,https://product-image.kurly.com/hdims/resize/%5E%3E720x%3E936/cropcenter/720x936/quality/85/src/product/image/22fbb789-a9f1-4fb8-8baf-58ba8dff2ee1.jpg,북경식 꿔바로우 600g,11680,1팩,분식,779,496
1001890194,https://product-image.kurly.com/hdims/resize/%5E%3E720x%3E936/cropcenter/720x936/quality/85/src/product/image/1ef9ffc0-93e2-4793-b674-b465cda9d9a4.jpg,최유강 셰프 탕수육 390g,9980,1팩,분식,234,319
5054625,https://img-cf.kurly.com/hdims/resize/%5E%3E720x%3E936/cropcenter/720x936/quality/85/src/shop/data/goods/1594969238964l0.jpg,석관동 모듬튀김,4500,1팩,분식,665,159
5011236,https://img-cf.kurly.com/hdims/resize/%5E%3E720x%3E936/cropcenter/720x936/quality/85/src/shop/data/goods/1519709810181l0.jpg,짜장 떡볶이 3종 (밀떡/쌀떡/현미떡),6750,1팩,분식,519,429
1000811960,https://product-image.kurly.com/hdims/resize/%5E%3E720x%3E936/cropcenter/720x936/quality/85/src/product/image/caf8ef5d-a4b3-4f33-830d-f8a1e362b985.jpg,로제 떡볶이,8500,1팩,분식,259,357
1000347095,https://product-image.kurly.com/hdims/resize/%5E%3E720x%3E936/cropcenter/720x936/quality/85/src/product/image/0fa64656-fcd8-4ba4-a3c3-3c22d3666e54.jpg,국물 떡볶이,7000,1팩,분식,418,341
5060612,https://img-cf.kurly.com/hdims/resize/%5E%3E720x%3E936/cropcenter/720x936/quality/85/src/shop/data/goods/1637921048844l0.jpg,눈감고도뚝딱 가래떡 쌀떡볶이,5760,1팩,분식,882,124
5136109,https://img-cf.kurly.com/hdims/resize/%5E%3E720x%3E936/cropcenter/720x936/quality/85/src/shop/data/goods/1652766053575l0.jpg,진짜 짜장 떡볶이,6900,1팩,분식,900,317
5123049,https://product-image.kurly.com/hdims/resize/%5E%3E720x%3E936/cropcenter/720x936/quality/85/src/product/image/e11da68a-a39e-43b2-8a3b-8289957d2427.jpg,한입땡초부추전 510g,8400,1팩,분식,827,187
1001600240,https://product-image.kurly.com/hdims/resize/%5E%3E720x%3E936/cropcenter/720x936/quality/85/src/product/image/6ec333e4-c701-466b-a1ae-229ee4ff1c3a.jpg,새우도넛 (6개입),6714,1팩,분식,348,145
1000130493,https://product-image.kurly.com/hdims/resize/%5E%3E720x%3E936/cropcenter/720x936/quality/85/src/product/image/951801c6-be8c-4f5c-b1bf-d3c9afb483a1.jpg,케이준치킨텐더 400g,6900,1팩,분식,808,71
5043979,https://img-cf.kurly.com/hdims/resize/%5E%3E720x%3E936/cropcenter/720x936/quality/85/src/shop/data/goods/157562351760l0.jpg,반야월 할매 만두와 떡볶이,7600,1봉,분식,467,122
5098999,https://product-image.kurly.com/hdims/resize/%5E%3E720x%3E936/cropcenter/720x936/quality/85/src/product/image/e7a4f936-fcc0-4fd1-8034-c6e6ca97eddd.jpg,동물복지 치킨 너겟 오리지널,7980,1팩,분식,78,78
1000146000,https://product-image.kurly.com/hdims/resize/%5E%3E720x%3E936/cropcenter/720x936/quality/85/src/product/image/9dfc0c12-fabc-46b9-bb89-f48dd740997a.jpg,해물파전 500g,8080,1팩,분식,288,390
1001638415,https://product-image.kurly.com/hdims/resize/%5E%3E720x%3E936/cropcenter/720x936/quality/85/src/product/image/6acdb54e-23bb-4c72-b16b-f6078b2f83a5.jpg,모듬튀김 340g,6210,1팩,분식,172,429
1001557584,https://product-image.kurly.com/hdims/resize/%5E%3E720x%3E936/cropcenter/720x936/quality/85/src/product/image/9a57e0da-a80c-4aae-9693-cb72063f2871.jpg,쌀떡볶이 2종 (순한맛/매운맛),9250,1팩,분식,520,415
5064016,https://img-cf.kurly.com/hdims/resize/%5E%3E720x%3E936/cropcenter/720x936/quality/85/src/shop/data/goods/1622531605122l0.jpg,"간편하게 바삭, 고추 김말이",3900,1팩,분식,88,219
1001391366,https://product-image.kurly.com/hdims/resize/%5E%3E720x%3E936/cropcenter/720x936/quality/85/src/product/image/01aae676-e4b2-47f1-b3c4-01c5c7823735.jpg,풍년방앗간 떡꼬치,5310,1팩,분식,893,311
5113115,https://img-cf.kurly.com/hdims/resize/%5E%3E720x%3E936/cropcenter/720x936/quality/85/src/shop/data/goods/1648536752741l0.jpg,휴게소 원조 소떡소떡,7000,1봉,분식,521,61
1000940196,https://product-image.kurly.com/hdims/resize/%5E%3E720x%3E936/cropcenter/720x936/quality/85/src/product/image/61add1a2-8494-426c-8526-78ed730de533.jpg,텐더스틱 1kg,14690,1팩,분식,246,488
1000157446,https://product-image.kurly.com/hdims/resize/%5E%3E720x%3E936/cropcenter/720x936/quality/85/src/product/image/9c46a676-5afc-46eb-a099-4d48bdbc391e.jpg,소바바치킨 소이허니 윙/봉(택1),7980,1개,분식,552,71
5098996,https://product-image.kurly.com/hdims/resize/%5E%3E720x%3E936/cropcenter/720x936/quality/85/src/product/image/ce75b7c7-b260-4afb-a9fb-32c582f8841c.jpg,모짜렐라 치즈볼 360g,6980,1팩,분식,465,186
1000943993,https://product-image.kurly.com/hdims/resize/%5E%3E720x%3E936/cropcenter/720x936/quality/85/src/product/image/cb42d7c6-e0ed-4c50-97ad-f03c26f9f220.jpg,치즈스틱,7990,1팩,분식,349,125
5056316,https://product-image.kurly.com/hdims/resize/%5E%3E720x%3E936/cropcenter/720x936/quality/85/src/product/image/906e8fac-a48a-4ce0-bf95-c50639b9280e.jpg,바사삭 치킨 닭다리 420g,8980,1봉,분식,99,284
1000813251,https://product-image.kurly.com/hdims/resize/%5E%3E720x%3E936/cropcenter/720x936/quality/85/src/product/image/9e691628-aabb-4500-9be2-920fe5784b03.jpg,어묵면 떡볶이,6000,1팩,분식,22,25
1000568206,https://product-image.kurly.com/hdims/resize/%5E%3E720x%3E936/cropcenter/720x936/quality/85/src/product/image/cde7657d-e5d1-4dce-8923-0fbeb8534554.jpg,추억의 떡꼬치,5310,1팩,분식,381,280
1000938360,https://product-image.kurly.com/hdims/resize/%5E%3E720x%3E936/cropcenter/720x936/quality/85/src/product/image/5809b33d-c60c-47a5-937d-b56b96045439.jpg,프리미엄 해물파전 300g,5130,1팩,분식,901,119
5031645,https://img-cf.kurly.com/hdims/resize/%5E%3E720x%3E936/cropcenter/720x936/quality/85/src/shop/data/goods/1544691213560l0.jpg,순한짜장 떡볶이 2종,6480,1팩,분식,882,406
1001557582,https://product-image.kurly.com/hdims/resize/%5E%3E720x%3E936/cropcenter/720x936/quality/85/src/product/image/a18b8f68-d3fa-49f2-af6c-3f7a7cbeb420.jpg,밀떡볶이 2종 (순한맛/매운맛),8160,1팩,분식,469,309
5114890,https://img-cf.kurly.com/hdims/resize/%5E%3E720x%3E936/cropcenter/720x936/quality/85/src/shop/data/goods/164602981848l0.jpg,엑스트라 크리스피 프라이 737g,8480,1팩,분식,344,245
1001531618,https://product-image.kurly.com/hdims/resize/%5E%3E720x%3E936/cropcenter/720x936/quality/85/src/product/image/0a83eb73-3b69-4a1c-b891-8878725b08da.jpg,풍년방앗간 양념치킨맛 떡꼬치,5015,1팩,분식,972,53
5114891,https://product-image.kurly.com/hdims/resize/%5E%3E720x%3E936/cropcenter/720x936/quality/85/src/product/image/a75e7db8-2994-4871-92a8-5d3c17df4d79.jpg,미니 테이터 토트 (감자볼) 793g,8480,1팩,분식,412,125
1000235571,https://product-image.kurly.com/hdims/resize/%5E%3E720x%3E936/cropcenter/720x936/quality/85/src/product/image/95bf77fe-d893-4549-b118-c6873629e93a.jpg,쫄볶이,7500,1팩,분식,517,39
1001411921,https://product-image.kurly.com/hdims/resize/%5E%3E720x%3E936/cropcenter/720x936/quality/85/src/product/image/2d6fb654-3ba6-45e4-a8ce-c946695bf915.jpg,인기 평양냉면&만두&녹두전 3종 (택1),9600,1팩,분식,332,275
1000831049,https://product-image.kurly.com/hdims/resize/%5E%3E720x%3E936/cropcenter/720x936/quality/85/src/product/image/70d9ed6b-bcb4-4d2e-bbea-643ecc701f2e.jpg,한입 어묵 떡볶이,6500,1팩,분식,847,380
5159798,https://product-image.kurly.com/hdims/resize/%5E%3E720x%3E936/cropcenter/720x936/quality/85/src/product/image/f63f9bcf-085b-400f-924c-9a2c81fccbee.jpg,감자채전,7000,1팩,분식,138,8
5054269,https://product-image.kurly.com/hdims/resize/%5E%3E720x%3E936/cropcenter/720x936/quality/85/src/product/image/0de5732d-2766-4111-b483-d050f1e592ca.jpg,옛날통닭 바사삭 치킨윙 400g,8980,1봉,분식,354,372
5060643,https://img-cf.kurly.com/hdims/resize/%5E%3E720x%3E936/cropcenter/720x936/quality/85/src/shop/data/goods/1604471741941l0.jpg,한판모둠순대,5500,1팩,분식,652,303
1000047941,https://product-image.kurly.com/hdims/resize/%5E%3E720x%3E936/cropcenter/720x936/quality/85/src/product/image/7bcae6bb-3874-429b-8a56-f7321fa45d4a.jpg,해쉬브라운 10+10(20개입),9900,1팩(2개입),분식,806,78
1000794397,https://product-image.kurly.com/hdims/resize/%5E%3E720x%3E936/cropcenter/720x936/quality/85/src/product/image/7f918f8a-e378-4b02-b5a2-15d5babfe100.jpg,베이컨 까르보나라 떡볶이,7490,1팩,분식,4,23
1001176713,https://product-image.kurly.com/hdims/resize/%5E%3E720x%3E936/cropcenter/720x936/quality/85/src/product/image/23993b60-e071-47fd-b2ab-2ec053edd812.jpg,퀴진 양념감자 800g,8980,1팩,분식,6,301
1000028481,https://product-image.kurly.com/hdims/resize/%5E%3E720x%3E936/cropcenter/720x936/quality/85/src/product/image/5d5ef7a9-719a-47fb-a050-271ec6a2f63f.jpg,벨지안 케이준 프라이 감자튀김 2개입,8400,1묶음,분식,196,481
5027803,https://img-cf.kurly.com/hdims/resize/%5E%3E720x%3E936/cropcenter/720x936/quality/85/src/shop/data/goods/1655948310567l0.jpg,슈스트링 포테이토 프라이 400g,4900,1봉,분식,468,398
1000832114,https://product-image.kurly.com/hdims/resize/%5E%3E720x%3E936/cropcenter/720x936/quality/85/src/product/image/a857d4c9-528e-42b7-b5c0-6cb9ba56f593.jpg,기름 떡볶이 2종 (택1),6000,1봉,분식,257,480
1001566055,https://product-image.kurly.com/hdims/resize/%5E%3E720x%3E936/cropcenter/720x936/quality/85/src/product/image/66e41907-3648-4f10-9635-95a57befe710.jpg,통등심 마늘칩 꿔바육 400g,9900,1팩,분식,891,491
1000210520,https://product-image.kurly.com/hdims/resize/%5E%3E720x%3E936/cropcenter/720x936/quality/85/src/product/image/4d7d66ad-fce1-43a6-9acb-7abfb1735665.jpg,골드 치킨텐더 800g,9265,1개,분식,185,433
5136844,https://img-cf.kurly.com/hdims/resize/%5E%3E720x%3E936/cropcenter/720x936/quality/85/src/shop/data/goods/1655878717462l0.jpg,국물 밀떡볶이,5500,1팩,분식,779,452
5009421,https://img-cf.kurly.com/hdims/resize/%5E%3E720x%3E936/cropcenter/720x936/quality/85/src/shop/data/goods/150768961979l0.jpg,떡볶이 2종,6750,1팩,분식,336,50
1000940198,https://product-image.kurly.com/hdims/resize/%5E%3E720x%3E936/cropcenter/720x936/quality/85/src/product/image/9efe8684-6591-40bd-a8f7-c9ee03f5b0b2.jpg,팝콘치킨 650g,10490,1팩,분식,214,6
1001450226,https://product-image.kurly.com/hdims/resize/%5E%3E720x%3E936/cropcenter/720x936/quality/85/src/product/image/284a5e69-b848-46c8-8a94-8627e4f55b17.jpg,저당 곤약 떡볶이,4500,1팩,분식,799,5
1000898461,https://product-image.kurly.com/hdims/resize/%5E%3E720x%3E936/cropcenter/720x936/quality/85/src/product/image/97bf2b3b-5ea8-4027-aea3-40fc73340e9a.jpg,떡볶이 1봉/2봉 (택1),5310,1팩 / 2팩 중 택1,분식,510,172
5114892,https://product-image.kurly.com/hdims/resize/%5E%3E720x%3E936/cropcenter/720x936/quality/85/src/product/image/88a1ff2f-34ec-4c60-b004-c1975d943bda.jpg,오레아이다 크리스피 프라이 907g,8480,1팩,분식,840,233
5049688,https://img-cf.kurly.com/hdims/resize/%5E%3E720x%3E936/cropcenter/720x936/quality/85/src/shop/data/goods/15895200351l0.jpg,일품 모듬 순대,8900,1팩,분식,321,415
